State/UT,Year, Geographical Area,Total Forest Cover Area,Very Dense,Moderately Dense,Open Forest, Scrub Land,Mangrove,SO2,NO2,RSPM,SPM,PM25,Annual Rainfall
Andaman and Nicobar Islands,1987,8249.0,6917.0,6807.0,0.0,110.0,0.0,686.0,0.0,0.0,0.0,0.0,0.0,0.0
Andaman and Nicobar Islands,1989,8249.0,6651.0,6518.0,0.0,133.0,0.0,973.0,0.0,0.0,0.0,0.0,0.0,0.0
Andaman and Nicobar Islands,1991,8249.0,6651.0,6583.0,0.0,68.0,4.0,971.0,0.0,0.0,0.0,0.0,0.0,0.0
Andaman and Nicobar Islands,1993,8249.0,6658.0,6567.0,0.0,91.0,4.0,966.0,0.0,0.0,0.0,0.0,0.0,0.0
Andaman and Nicobar Islands,1995,8249.0,6649.0,6524.0,0.0,125.0,0.0,966.0,0.0,0.0,0.0,0.0,0.0,0.0
Andaman and Nicobar Islands,1997,8249.0,6647.0,6520.0,0.0,127.0,0.0,966.0,0.0,0.0,0.0,0.0,0.0,0.0
Andaman and Nicobar Islands,1999,8249.0,6640.0,6515.0,0.0,125.0,0.0,966.0,0.0,0.0,0.0,0.0,0.0,0.0
Andaman and Nicobar Islands,2001,8249.0,6930.0,6593.0,0.0,337.0,0.0,789.0,0.0,0.0,0.0,0.0,0.0,0.0
Andaman and Nicobar Islands,2003,8249.0,6964.0,3475.0,2809.0,680.0,1.0,658.0,0.0,0.0,0.0,0.0,0.0,0.0
Andaman and Nicobar Islands,2005,8249.0,6629.0,3359.0,2646.0,624.0,3.0,637.0,0.0,0.0,0.0,0.0,0.0,0.0
Andaman and Nicobar Islands,2007,8249.0,6662.0,3762.0,2405.0,495.0,53.0,615.0,0.0,0.0,0.0,0.0,0.0,0.0
Andaman and Nicobar Islands,2009,8249.0,6662.0,3762.0,2405.0,495.0,0.0,615.0,0.0,0.0,0.0,0.0,0.0,0.0
Andaman and Nicobar Islands,2011,8249.0,6724.0,3761.0,2416.0,547.0,0.0,2155.0,0.0,0.0,0.0,0.0,0.0,0.0
Andaman and Nicobar Islands,2013,8249.0,6711.0,3754.0,2413.0,544.0,57.0,604.0,0.0,0.0,0.0,0.0,0.0,0.0
Andaman and Nicobar Islands,2015,8249.0,6751.0,5686.0,685.0,380.0,1.0,617.0,0.0,0.0,0.0,0.0,0.0,0.0
Andaman and Nicobar Islands,2017,8249.0,6742.0,5678.0,684.0,380.0,1.0,617.0,0.0,0.0,0.0,0.0,0.0,0.0
Andaman and Nicobar Islands,2019,8249.0,6743.0,5678.0,684.0,381.0,146.0,616.0,0.0,0.0,0.0,0.0,0.0,0.0
Andhra Pradesh,1987,275069.0,49699.0,28580.0,0.0,21119.0,0.0,495.0,0.0,0.0,0.0,0.0,0.0,1079.9
Andhra Pradesh,1987,275069.0,49699.0,28580.0,0.0,21119.0,0.0,495.0,0.0,0.0,0.0,0.0,0.0,769.5
Andhra Pradesh,1989,275069.0,47506.0,25535.0,0.0,21971.0,0.0,405.0,0.0,0.0,0.0,0.0,0.0,1030.0
Andhra Pradesh,1989,275069.0,47506.0,25535.0,0.0,21971.0,0.0,405.0,0.0,0.0,0.0,0.0,0.0,693.7
Andhra Pradesh,1991,275069.0,46891.0,25017.0,0.0,21874.0,12188.0,399.0,389.2,677.8,0.0,5340.0,0.0,1122.1
Andhra Pradesh,1991,275069.0,46891.0,25017.0,0.0,21874.0,12188.0,399.0,389.2,677.8,0.0,5340.0,0.0,967.5
Andhra Pradesh,1993,275069.0,46878.0,25008.0,0.0,21870.0,12170.0,378.0,307.6,574.6000000000001,0.0,0.0,0.0,869.7
Andhra Pradesh,1993,275069.0,46878.0,25008.0,0.0,21870.0,12170.0,378.0,307.6,574.6000000000001,0.0,0.0,0.0,887.1
Andhra Pradesh,1995,275069.0,46729.0,24827.0,0.0,21902.0,0.0,383.0,1567.5,3051.3999999999987,0.0,14113.0,0.0,1352.0
Andhra Pradesh,1995,275069.0,46729.0,24827.0,0.0,21902.0,0.0,383.0,1567.5,3051.3999999999987,0.0,14113.0,0.0,874.3
Andhra Pradesh,1997,275069.0,42907.0,23048.0,0.0,19859.0,11191.0,383.0,1917.3,3559.0000000000014,0.0,17423.0,0.0,972.1
Andhra Pradesh,1997,275069.0,42907.0,23048.0,0.0,19859.0,11191.0,383.0,1917.3,3559.0000000000014,0.0,17423.0,0.0,835.0
Andhra Pradesh,1999,275069.0,43832.0,24190.0,0.0,19642.0,9559.0,397.0,1553.5,2147.9,0.0,21331.0,0.0,825.1
Andhra Pradesh,1999,275069.0,43832.0,24190.0,0.0,19642.0,9559.0,397.0,1553.5,2147.9,0.0,21331.0,0.0,537.2
Andhra Pradesh,2001,275069.0,44637.0,25827.0,0.0,18810.0,9907.0,333.0,1260.0999999999995,2846.1,0.0,14993.0,0.0,1009.3
Andhra Pradesh,2001,275069.0,44637.0,25827.0,0.0,18810.0,9907.0,333.0,1260.0999999999995,2846.1,0.0,14993.0,0.0,924.5
Andhra Pradesh,2003,275069.0,44419.0,23.0,24356.0,20040.0,9748.0,329.0,0.0,0.0,0.0,0.0,0.0,1096.8
Andhra Pradesh,2003,275069.0,44419.0,23.0,24356.0,20040.0,9748.0,329.0,0.0,0.0,0.0,0.0,0.0,725.5
Andhra Pradesh,2005,275069.0,44372.0,130.0,24199.0,20043.0,9862.0,329.0,4750.4,24554.100000000028,65155.0,181492.0,0.0,1221.6
Andhra Pradesh,2005,275069.0,44372.0,130.0,24199.0,20043.0,9862.0,329.0,4750.4,24554.100000000028,65155.0,181492.0,0.0,1066.4
Andhra Pradesh,2007,275069.0,45102.0,820.0,24757.0,19525.0,10372.0,353.0,13215.19999999998,54642.40000000005,167348.0,408606.0,0.0,1099.2
Andhra Pradesh,2007,275069.0,45102.0,820.0,24757.0,19525.0,10372.0,353.0,13215.19999999998,54642.40000000005,167348.0,408606.0,0.0,980.6
Andhra Pradesh,2009,275069.0,46670.0,850.0,26377.0,19443.0,0.0,353.0,15083.79999999999,45908.2,172273.0,446458.0,0.0,790.5
Andhra Pradesh,2009,275069.0,46670.0,850.0,26377.0,19443.0,0.0,353.0,15083.79999999999,45908.2,172273.0,446458.0,0.0,688.2
Andhra Pradesh,2011,275069.0,46389.0,850.0,26242.0,19297.0,0.0,352.0,6518.599999999995,33580.8,110925.1,188439.4,0.0,861.9
Andhra Pradesh,2011,275069.0,46389.0,850.0,26242.0,19297.0,0.0,352.0,6518.599999999995,33580.8,110925.1,188439.4,0.0,738.0
Andhra Pradesh,2013,275069.0,46116.0,850.0,26079.0,19187.0,10465.0,352.0,29701.0,70088.0,319850.0,0.0,0.0,1120.5
Andhra Pradesh,2013,275069.0,46116.0,850.0,26079.0,19187.0,10465.0,352.0,29701.0,70088.0,319850.0,0.0,0.0,762.6
Andhra Pradesh,2015,160204.0,24427.0,375.0,13096.0,10956.0,8562.0,367.0,17790.0,53584.0,191504.0,0.0,0.0,1010.9
Andhra Pradesh,2015,160204.0,24427.0,375.0,13096.0,10956.0,8562.0,367.0,17790.0,53584.0,191504.0,0.0,0.0,1047.1
Andhra Pradesh,2017,162968.0,28147.0,1957.0,14051.0,12139.0,9560.0,404.0,0.0,0.0,0.0,0.0,0.0,892.7
Andhra Pradesh,2017,162968.0,28147.0,1957.0,14051.0,12139.0,9560.0,404.0,0.0,0.0,0.0,0.0,0.0,834.5
Andhra Pradesh,2019,162968.0,29137.0,1994.0,13938.0,13205.0,8255.0,404.0,0.0,0.0,0.0,0.0,0.0,0.0
Arunachal Pradesh,1987,83743.0,60500.0,51096.0,0.0,9404.0,0.0,0.0,0.0,0.0,0.0,0.0,0.0,3433.2
Arunachal Pradesh,1989,83743.0,68763.0,54272.0,0.0,14491.0,0.0,0.0,0.0,0.0,0.0,0.0,0.0,3281.6
Arunachal Pradesh,1991,83743.0,68757.0,54542.0,0.0,14215.0,216.0,0.0,0.0,0.0,0.0,0.0,0.0,3434.4
Arunachal Pradesh,1993,83743.0,68661.0,54510.0,0.0,14151.0,223.0,0.0,0.0,0.0,0.0,0.0,0.0,3348.9
Arunachal Pradesh,1995,83743.0,68621.0,54176.0,0.0,14445.0,0.0,0.0,0.0,0.0,0.0,0.0,0.0,3068.8
Arunachal Pradesh,1997,83743.0,68602.0,54155.0,0.0,14447.0,415.0,0.0,0.0,0.0,0.0,0.0,0.0,2274.9
Arunachal Pradesh,1999,83743.0,68847.0,57756.0,0.0,11091.0,104.0,0.0,0.0,0.0,0.0,0.0,0.0,2316.6
Arunachal Pradesh,2001,83743.0,68045.0,53932.0,0.0,14113.0,141.0,0.0,0.0,0.0,0.0,0.0,0.0,2036.0
Arunachal Pradesh,2003,83743.0,68019.0,13907.0,39604.0,14508.0,116.0,0.0,0.0,0.0,0.0,0.0,0.0,2451.8
Arunachal Pradesh,2005,83743.0,67777.0,14411.0,37977.0,15389.0,128.0,0.0,0.0,0.0,0.0,0.0,0.0,2335.5
Arunachal Pradesh,2007,83743.0,67353.0,20858.0,31556.0,14939.0,111.0,0.0,0.0,0.0,0.0,0.0,0.0,3020.7
Arunachal Pradesh,2009,83743.0,67484.0,20873.0,31574.0,15037.0,0.0,0.0,0.0,0.0,0.0,0.0,0.0,1749.9
Arunachal Pradesh,2011,83743.0,67410.0,20868.0,31519.0,15023.0,0.0,0.0,0.0,0.0,0.0,0.0,0.0,2193.7
Arunachal Pradesh,2013,83743.0,67321.0,20828.0,31414.0,15079.0,121.0,0.0,0.0,0.0,0.0,0.0,0.0,2042.9
Arunachal Pradesh,2015,83743.0,67248.0,20804.0,31301.0,15143.0,264.0,0.0,169.0,251.0,4738.0,0.0,0.0,2767.5
Arunachal Pradesh,2017,83743.0,66964.0,20721.0,30955.0,15288.0,247.0,0.0,0.0,0.0,0.0,0.0,0.0,2745.3
Arunachal Pradesh,2019,83743.0,66688.0,21095.0,30557.0,15036.0,229.0,0.0,0.0,0.0,0.0,0.0,0.0,0.0
Assam,1987,78438.0,26386.0,18415.0,0.0,7971.0,0.0,0.0,0.0,0.0,0.0,0.0,0.0,730.35
Assam,1989,78438.0,25058.0,15688.0,0.0,9370.0,0.0,0.0,0.0,0.0,0.0,0.0,0.0,670.525
Assam,1991,78438.0,24751.0,15842.0,0.0,8909.0,688.0,0.0,294.4000000000001,467.7,0.0,859.0,0.0,709.5
Assam,1993,78438.0,24508.0,15998.0,0.0,8510.0,602.0,0.0,266.1,1559.0000000000002,0.0,1769.0,0.0,719.8
Assam,1995,78438.0,24061.0,15694.0,0.0,8367.0,0.0,0.0,63.29999999999998,604.2000000000003,0.0,2038.0,0.0,721.525
Assam,1997,78438.0,23824.0,15548.0,0.0,8276.0,635.0,0.0,0.0,0.0,0.0,598.0,0.0,593.05
Assam,1999,78438.0,23688.0,14517.0,0.0,9171.0,324.0,0.0,0.0,0.0,0.0,0.0,0.0,648.55
Assam,2001,78438.0,27714.0,15830.0,0.0,11884.0,224.0,0.0,44.5,234.9,0.0,2064.0,0.0,544.6
Assam,2003,78438.0,27826.0,1684.0,11358.0,14784.0,219.0,0.0,0.0,0.0,0.0,0.0,0.0,608.525
Assam,2005,78438.0,27645.0,1444.0,11387.0,14814.0,146.0,0.0,1598.0999999999985,5128.000000000006,32577.0,56726.0,0.0,617.075
Assam,2007,78438.0,27692.0,1461.0,11558.0,14673.0,179.0,0.0,12423.399999999841,24396.999999999785,147229.0,236234.0,0.0,688.2
Assam,2009,78438.0,27692.0,1461.0,11558.0,14673.0,0.0,0.0,9067.500000000018,20314.39999999977,129278.0,233779.0,0.0,517.05
Assam,2011,78438.0,27673.0,1444.0,11404.0,14825.0,0.0,0.0,0.0,0.0,0.0,0.0,0.0,435.85
Assam,2013,78438.0,27671.0,1444.0,11345.0,14882.0,182.0,0.0,18902.0,42034.75,339507.5,0.0,0.0,454.1
Assam,2015,78438.0,27623.0,1441.0,11268.0,14914.0,384.0,0.0,19698.0,40020.0,265170.0,0.0,0.0,617.725
Assam,2017,78438.0,28105.0,2797.0,10192.0,15116.0,217.0,0.0,0.0,0.0,0.0,0.0,0.0,677.925
Assam,2019,78438.0,28327.0,2795.0,10279.0,15253.0,173.0,0.0,0.0,0.0,0.0,0.0,0.0,0.0
Bihar,1987,94163.0,28748.0,13490.0,0.0,15258.0,0.0,0.0,440.2,610.5,0.0,5942.0,0.0,1660.4
Bihar,1989,94163.0,26934.0,13412.0,0.0,13522.0,0.0,0.0,838.5999999999997,1039.5,0.0,11617.0,0.0,1269.9
Bihar,1991,94163.0,26668.0,13285.0,0.0,13383.0,1881.0,0.0,2384.7999999999993,2662.3,0.0,20995.0,0.0,1045.7
Bihar,1993,94163.0,26587.0,13172.0,0.0,13415.0,1925.0,0.0,1220.5999999999995,1948.2,0.0,343.0,0.0,1208.3
Bihar,1995,94163.0,26561.0,13343.0,0.0,13218.0,0.0,0.0,1414.3000000000006,1865.8,0.0,16739.0,0.0,1111.9
Bihar,1997,94163.0,26524.0,13300.0,0.0,13224.0,1916.0,0.0,2917.7999999999993,3670.5000000000014,0.0,21938.0,0.0,1303.7
Bihar,1999,94163.0,26474.0,13274.0,0.0,13200.0,1914.0,0.0,4212.4000000000015,3405.300000000001,0.0,22805.0,0.0,1402.7
Bihar,2001,94163.0,5720.0,3372.0,0.0,2348.0,122.0,0.0,1893.2,2887.5000000000005,0.0,24064.0,0.0,1247.0
Bihar,2003,94163.0,5558.0,76.0,2951.0,2531.0,150.0,0.0,0.0,0.0,0.0,0.0,0.0,1353.9
Bihar,2005,94163.0,5579.0,110.0,3004.0,2465.0,129.0,0.0,1645.4000000000005,3884.0000000000014,13854.0,35774.0,0.0,907.8
Bihar,2007,94163.0,6804.0,231.0,3248.0,3325.0,134.0,0.0,1724.9000000000005,7483.500000000001,21527.0,54550.0,0.0,1600.2
Bihar,2009,94163.0,6804.0,231.0,3248.0,3325.0,0.0,0.0,216.6,2054.9,6598.0,17677.0,0.0,889.3
Bihar,2011,94163.0,6845.0,231.0,3280.0,3334.0,0.0,0.0,272.0,2287.0,10430.0,0.0,0.0,1097.1
Bihar,2013,94163.0,7291.0,247.0,3380.0,3664.0,115.0,0.0,0.0,0.0,0.0,0.0,0.0,1069.9
Bihar,2015,94163.0,7288.0,248.0,3376.0,3664.0,120.0,0.0,0.0,0.0,0.0,0.0,0.0,872.7
Bihar,2017,94163.0,7299.0,332.0,3260.0,3707.0,228.0,0.0,0.0,0.0,0.0,0.0,0.0,1112.0
Bihar,2019,94163.0,7306.0,333.0,3280.0,3693.0,250.0,0.0,0.0,0.0,0.0,0.0,0.0,0.0
Chandigarh,1987,114.0,2.0,0.0,0.0,2.0,0.0,0.0,0.0,0.0,0.0,0.0,0.0,106.2
Chandigarh,1989,114.0,0.0,0.0,0.0,0.0,0.0,0.0,251.6,791.0000000000003,0.0,5542.0,0.0,138.83333333333334
Chandigarh,1991,114.0,5.0,4.0,0.0,1.0,0.0,0.0,84.3,124.1,0.0,5984.0,0.0,131.29999999999998
Chandigarh,1993,114.0,5.0,4.0,0.0,1.0,0.0,0.0,239.6,597.3000000000002,0.0,0.0,0.0,174.6
Chandigarh,1995,114.0,7.0,6.0,0.0,1.0,0.0,0.0,135.5,399.7,0.0,2705.0,0.0,273.03333333333336
Chandigarh,1997,114.0,7.0,6.0,0.0,1.0,0.0,0.0,157.79999999999995,114.1,0.0,5420.0,0.0,222.86666666666667
Chandigarh,1999,114.0,7.0,6.0,0.0,1.0,0.0,0.0,6.5,14.8,0.0,5408.0,0.0,114.8
Chandigarh,2001,114.0,9.0,5.0,0.0,4.0,0.0,0.0,0.0,0.0,0.0,5930.0,0.0,161.83333333333334
Chandigarh,2003,114.0,15.0,1.0,8.0,6.0,1.0,0.0,0.0,0.0,0.0,0.0,0.0,199.2
Chandigarh,2005,114.0,15.0,1.0,8.0,6.0,1.0,0.0,799.8999999999999,10647.900000000003,66183.0,157139.0,0.0,173.16666666666663
Chandigarh,2007,114.0,17.0,1.0,10.0,6.0,1.0,0.0,5.3,11093.699999999983,76662.0,164597.0,0.0,148.86666666666667
Chandigarh,2009,114.0,17.0,1.0,10.0,6.0,0.0,0.0,5.8,10442.5,61356.0,123502.0,0.0,131.79999999999998
Chandigarh,2011,114.0,17.0,1.0,10.0,6.0,0.0,617.0,1417.6,11148.199999999995,70245.0,138751.0,0.0,170.66666666666666
Chandigarh,2013,114.0,17.26,1.36,9.66,6.24,0.56,0.0,853.0,12031.0,74563.0,0.0,0.0,153.73333333333332
Chandigarh,2015,114.0,22.03,1.36,14.09,6.58,0.03,0.0,1486.0,18895.0,63502.0,0.0,0.0,145.1
Chandigarh,2017,114.0,21.56,1.36,13.82,6.38,0.02,0.0,0.0,0.0,0.0,0.0,0.0,140.53333333333333
Chandigarh,2019,114.0,22.03,1.36,14.24,6.43,1.0,0.0,0.0,0.0,0.0,0.0,0.0,0.0
Chattisgarh,1987,135191.0,0.0,0.0,0.0,0.0,0.0,0.0,0.0,0.0,0.0,0.0,0.0,0.0
Chattisgarh,1989,135191.0,0.0,0.0,0.0,0.0,0.0,0.0,0.0,0.0,0.0,0.0,0.0,0.0
Chattisgarh,1991,135191.0,0.0,0.0,0.0,0.0,0.0,0.0,0.0,0.0,0.0,0.0,0.0,0.0
Chattisgarh,1993,135191.0,0.0,0.0,0.0,0.0,0.0,0.0,0.0,0.0,0.0,0.0,0.0,0.0
Chattisgarh,1995,135191.0,0.0,0.0,0.0,0.0,0.0,0.0,0.0,0.0,0.0,0.0,0.0,0.0
Chattisgarh,1997,135191.0,0.0,0.0,0.0,0.0,0.0,0.0,0.0,0.0,0.0,0.0,0.0,0.0
Chattisgarh,1999,135191.0,0.0,0.0,0.0,0.0,0.0,0.0,0.0,0.0,0.0,0.0,0.0,0.0
Chattisgarh,2001,135191.0,56448.0,37880.0,0.0,18568.0,200.0,0.0,0.0,0.0,0.0,0.0,0.0,0.0
Chattisgarh,2003,135191.0,55998.0,1540.0,37440.0,17018.0,88.0,0.0,0.0,0.0,0.0,0.0,0.0,0.0
Chattisgarh,2005,135191.0,55863.0,2256.0,36472.0,17135.0,91.0,0.0,0.0,0.0,0.0,0.0,0.0,0.0
Chattisgarh,2007,135191.0,55870.0,4162.0,35038.0,16670.0,107.0,0.0,0.0,0.0,0.0,0.0,0.0,0.0
Chattisgarh,2009,135191.0,55678.0,4163.0,34911.0,16604.0,0.0,0.0,0.0,0.0,0.0,0.0,0.0,0.0
Chattisgarh,2011,135191.0,55674.0,4163.0,34911.0,16600.0,0.0,0.0,0.0,0.0,0.0,0.0,0.0,0.0
Chattisgarh,2013,135191.0,55621.0,4153.0,34865.0,16603.0,117.0,0.0,0.0,0.0,0.0,0.0,0.0,0.0
Chattisgarh,2015,135191.0,55586.0,4152.0,34846.0,16588.0,117.0,0.0,0.0,0.0,0.0,0.0,0.0,0.0
Chattisgarh,2017,135192.0,55547.0,7064.0,32215.0,16268.0,552.0,0.0,0.0,0.0,0.0,0.0,0.0,0.0
Chattisgarh,2019,135192.0,55611.0,7068.0,32198.0,16345.0,610.0,0.0,0.0,0.0,0.0,0.0,0.0,0.0
Dadra & Nagar Haveli,1987,491.0,237.0,187.0,0.0,50.0,0.0,0.0,0.0,0.0,0.0,0.0,0.0,0.0
Dadra & Nagar Haveli,1989,491.0,157.0,149.0,0.0,8.0,0.0,0.0,0.0,0.0,0.0,0.0,0.0,0.0
Dadra & Nagar Haveli,1991,491.0,206.0,159.0,0.0,47.0,11.0,0.0,0.0,0.0,0.0,0.0,0.0,0.0
Dadra & Nagar Haveli,1993,491.0,206.0,159.0,0.0,47.0,11.0,0.0,27.0,35.1,0.0,864.0,0.0,0.0
Dadra & Nagar Haveli,1995,491.0,204.0,159.0,0.0,45.0,0.0,0.0,16.2,22.8,0.0,322.0,0.0,0.0
Dadra & Nagar Haveli,1997,491.0,204.0,159.0,0.0,45.0,12.0,0.0,0.0,0.0,0.0,0.0,0.0,0.0
Dadra & Nagar Haveli,1999,491.0,202.0,159.0,0.0,43.0,10.0,0.0,0.0,0.0,0.0,0.0,0.0,0.0
Dadra & Nagar Haveli,2001,491.0,219.0,151.0,0.0,68.0,0.0,0.0,0.0,0.0,0.0,0.0,0.0,0.0
Dadra & Nagar Haveli,2003,491.0,225.0,0.0,145.0,80.0,0.0,0.0,0.0,0.0,0.0,0.0,0.0,0.0
Dadra & Nagar Haveli,2005,491.0,221.0,0.0,130.0,91.0,0.0,0.0,0.0,0.0,0.0,0.0,0.0,0.0
Dadra & Nagar Haveli,2007,491.0,211.0,0.0,114.0,97.0,1.0,0.0,180.9,321.1,1515.0,3545.0,0.0,0.0
Dadra & Nagar Haveli,2009,491.0,211.0,0.0,114.0,97.0,0.0,0.0,592.6999999999998,1195.0000000000005,4915.0,21593.0,0.0,0.0
Dadra & Nagar Haveli,2011,491.0,211.0,0.0,114.0,97.0,0.0,0.0,736.4999999999999,1877.4,167.0,4111.0,0.0,0.0
Dadra & Nagar Haveli,2013,491.0,243.0,0.0,144.0,99.0,1.0,0.0,0.0,0.0,0.0,0.0,0.0,0.0
Dadra & Nagar Haveli,2015,491.0,206.0,0.0,80.0,126.0,5.0,0.0,683.0,1157.0,3813.0,0.0,1312.0,0.0
Dadra & Nagar Haveli,2017,491.0,207.0,0.0,80.0,127.0,5.0,0.0,0.0,0.0,0.0,0.0,0.0,0.0
Dadra & Nagar Haveli,2019,491.0,207.0,0.0,80.0,127.0,0.1,0.0,0.0,0.0,0.0,0.0,0.0,0.0
Daman & Diu,1987,112.0,0.0,0.0,0.0,0.0,0.0,0.0,0.0,0.0,0.0,0.0,0.0,0.0
Daman & Diu,1989,112.0,57.0,1.0,0.0,56.0,0.0,0.0,152.7,195.5,0.0,2240.0,0.0,0.0
Daman & Diu,1991,112.0,2.0,0.0,0.0,2.0,0.0,0.0,133.4,173.89999999999995,0.0,3038.0,0.0,0.0
Daman & Diu,1993,112.0,3.0,0.0,0.0,3.0,0.0,0.0,208.50000000000003,217.80000000000004,0.0,2460.0,0.0,0.0
Daman & Diu,1995,112.0,0.0,0.0,0.0,0.0,0.0,0.0,11.4,12.3,0.0,292.0,0.0,0.0
Daman & Diu,1997,112.0,3.0,0.0,0.0,3.0,0.0,0.0,0.0,0.0,0.0,0.0,0.0,0.0
Daman & Diu,1999,112.0,3.0,0.0,0.0,3.0,0.0,0.0,0.0,0.0,0.0,0.0,0.0,0.0
Daman & Diu,2001,112.0,6.0,2.0,0.0,4.0,0.0,0.0,0.0,0.0,0.0,0.0,0.0,0.0
Daman & Diu,2003,112.0,8.0,0.0,2.0,6.0,0.0,1.0,0.0,0.0,0.0,0.0,0.0,0.0
Daman & Diu,2005,112.0,8.0,0.0,2.0,6.0,0.0,1.0,0.0,0.0,0.0,0.0,0.0,0.0
Daman & Diu,2007,112.0,6.0,0.0,1.0,5.0,3.0,1.0,196.8,294.9,1481.0,3468.0,0.0,0.0
Daman & Diu,2009,112.0,5.65,0.0,0.62,5.03,0.0,1.0,487.3000000000001,1262.1,3827.0,14917.0,0.0,0.0
Daman & Diu,2011,112.0,6.0,0.0,0.62,5.53,0.0,0.0,831.5000000000001,2176.9,240.0,4368.0,0.0,0.0
Daman & Diu,2013,12.0,9.27,0.0,1.87,7.4,0.96,1.0,0.0,0.0,0.0,0.0,0.0,0.0
Daman & Diu,2015,112.0,119.61,1.4,5.82,112.39,0.55,3.0,636.0,1098.0,3655.0,0.0,1227.0,0.0
Daman & Diu,2017,111.0,20.49,1.4,5.82,13.27,0.27,3.0,0.0,0.0,0.0,0.0,0.0,0.0
Daman & Diu,2019,111.0,20.49,1.4,5.69,13.4,5.0,3.0,0.0,0.0,0.0,0.0,0.0,0.0
Delhi,1987,1483.0,15.0,0.0,0.0,15.0,0.0,0.0,367.8,448.8,0.0,13173.0,0.0,106.2
Delhi,1989,1483.0,22.0,12.0,0.0,10.0,0.0,0.0,0.0,0.0,0.0,0.0,0.0,138.83333333333334
Delhi,1991,1483.0,22.0,0.0,0.0,22.0,0.0,0.0,2070.9999999999995,3506.6000000000013,0.0,40709.0,0.0,131.29999999999998
Delhi,1993,1483.0,22.0,12.0,0.0,10.0,3.0,0.0,1773.9,3056.9,0.0,0.0,0.0,174.6
Delhi,1995,1483.0,16.0,16.0,0.0,0.0,0.0,0.0,2496.7000000000007,5076.000000000001,0.0,42282.0,0.0,273.03333333333336
Delhi,1997,1483.0,26.0,16.0,0.0,10.0,2.0,0.0,1775.1999999999994,3673.799999999999,0.0,37101.0,0.0,222.86666666666667
Delhi,1999,1483.0,88.0,35.0,0.0,53.0,3.0,0.0,1872.1000000000006,3864.6,0.0,39264.0,0.0,114.8
Delhi,2001,1483.0,111.0,38.0,0.0,73.0,4.0,0.0,1278.2999999999995,3862.400000000001,0.0,35296.0,0.0,161.83333333333334
Delhi,2003,1483.0,170.0,0.0,52.0,118.0,1.0,0.0,6699.0,28589.0,52365.0,244319.0,0.0,199.2
Delhi,2005,1483.0,176.0,0.0,54.0,122.0,0.62,0.0,6237.1999999999925,35888.49999999998,96117.0,244711.0,0.0,173.16666666666663
Delhi,2007,1483.0,177.0,7.0,50.0,120.0,1.0,0.0,3662.1,29094.59999999998,93186.0,225574.0,0.0,148.86666666666667
Delhi,2009,1483.0,76.582,6.76,49.841,19.981,0.0,0.0,4145.0999999999985,34951.69999999998,170207.0,340258.0,0.0,131.79999999999998
Delhi,2011,1483.0,176.0,7.0,49.0,120.0,0.0,0.0,3898.0,42816.0,161099.0,0.0,0.0,170.66666666666666
Delhi,2013,1483.0,179.81,6.76,49.38,123.67,2.24,0.0,1216.0,24318.0,61845.0,0.0,0.0,153.73333333333332
Delhi,2015,1483.0,188.77,6.94,57.15,124.68,2.0,0.0,4122.0,49305.0,160406.0,0.0,35287.0,145.1
Delhi,2017,1483.0,192.41,6.72,56.24,129.45,0.67,0.0,0.0,0.0,0.0,0.0,0.0,140.53333333333333
Delhi,2019,1483.0,195.44,6.72,56.42,132.3,0.3,0.0,0.0,0.0,0.0,0.0,0.0,0.0
Goa,1987,3702.0,1285.0,763.0,0.0,522.0,0.0,0.0,48.7,163.20000000000005,0.0,1453.0,0.0,2635.0
Goa,1989,3702.0,1297.0,975.0,0.0,322.0,0.0,3.0,48.3,138.3,0.0,1589.0,0.0,2771.5
Goa,1991,3702.0,1250.0,996.0,0.0,254.0,16.0,3.0,78.5,92.5,0.0,1371.0,0.0,2954.6
Goa,1993,3702.0,1244.0,995.0,0.0,249.0,16.0,3.0,16.2,32.8,0.0,0.0,0.0,3480.9
Goa,1995,3702.0,1247.0,995.0,0.0,252.0,0.0,3.0,81.1,30.1,0.0,231.0,0.0,2766.0
Goa,1997,3702.0,1247.0,995.0,0.0,252.0,16.0,5.0,897.6,312.2,0.0,1500.0,0.0,3027.2
Goa,1999,3702.0,1246.0,995.0,0.0,251.0,16.0,5.0,141.8,107.39999999999998,0.0,1243.0,0.0,2912.1
Goa,2001,3702.0,2095.0,1785.0,0.0,310.0,0.0,5.0,506.3,362.4,0.0,0.0,0.0,2395.4
Goa,2003,3702.0,2156.0,0.0,1255.0,901.0,0.0,16.0,0.0,0.0,0.0,0.0,0.0,2842.3
Goa,2005,3702.0,2164.0,55.0,1095.0,1014.0,2.0,16.0,243.40000000000003,577.7,5230.0,19318.0,0.0,3615.7
Goa,2007,3702.0,2151.0,511.0,624.0,1016.0,1.0,17.0,194.1,3417.4,15388.0,35637.0,0.0,3468.5
Goa,2009,3702.0,2212.0,543.0,578.0,1091.0,0.0,17.0,344.3000000000001,1689.3,9545.0,20871.0,0.0,2716.6
Goa,2011,3702.0,2219.0,543.0,585.0,1091.0,0.0,22.0,8106.0,15472.0,88499.0,24228.440000000028,0.0,3825.2
Goa,2013,3702.0,2219.0,543.0,585.0,1091.0,0.0,22.0,11171.0,18856.0,87164.0,28813.82000000003,0.0,3524.0
Goa,2015,3702.0,2024.0,542.0,380.0,1102.0,0.0,26.0,7607.0,16371.0,95856.0,0.0,26209.30000000001,2082.0
Goa,2017,3702.0,2229.0,538.0,576.0,1115.0,0.0,26.0,0.0,0.0,0.0,0.0,0.0,3443.4
Goa,2019,3702.0,2237.0,538.0,576.0,1123.0,0.0,26.0,0.0,0.0,0.0,0.0,0.0,0.0
Gujarat,1987,196022.0,13143.0,7850.0,0.0,5293.0,0.0,427.0,1262.9999999999995,1936.1,0.0,17604.0,0.0,401.9
Gujarat,1987,196022.0,13143.0,7850.0,0.0,5293.0,0.0,427.0,1262.9999999999995,1936.1,0.0,17604.0,0.0,92.7
Gujarat,1989,196022.0,11258.0,5259.0,0.0,5999.0,0.0,412.0,3440.0000000000014,4439.600000000002,0.0,42417.0,0.0,822.8
Gujarat,1989,196022.0,11258.0,5259.0,0.0,5999.0,0.0,412.0,3440.0000000000014,4439.600000000002,0.0,42417.0,0.0,498.2
Gujarat,1991,196022.0,11510.0,6224.0,0.0,5286.0,2327.0,397.0,3942.399999999997,4451.9000000000015,0.0,50975.0,0.0,672.7
Gujarat,1991,196022.0,11510.0,6224.0,0.0,5286.0,2327.0,397.0,3942.399999999997,4451.9000000000015,0.0,50975.0,0.0,218.7
Gujarat,1993,196022.0,11625.0,6301.0,0.0,5324.0,2427.0,419.0,4791.899999999999,3629.7,0.0,789.0,0.0,941.4
Gujarat,1993,196022.0,11625.0,6301.0,0.0,5324.0,2427.0,419.0,4791.899999999999,3629.7,0.0,789.0,0.0,312.7
Gujarat,1995,196022.0,11631.0,6369.0,0.0,5262.0,0.0,689.0,11030.599999999993,4851.700000000002,0.0,61271.0,0.0,684.3
Gujarat,1995,196022.0,11631.0,6369.0,0.0,5262.0,0.0,689.0,11030.599999999993,4851.700000000002,0.0,61271.0,0.0,374.1
Gujarat,1997,196022.0,11587.0,6337.0,0.0,5250.0,2780.0,991.0,2041.9000000000005,1880.1,0.0,22522.0,0.0,1068.9
Gujarat,1997,196022.0,11587.0,6337.0,0.0,5250.0,2780.0,991.0,2041.9000000000005,1880.1,0.0,22522.0,0.0,600.2
Gujarat,1999,196022.0,11934.0,6430.0,0.0,5504.0,2948.0,1031.0,2676.4,3858.2,0.0,26331.0,0.0,568.4
Gujarat,1999,196022.0,11934.0,6430.0,0.0,5504.0,2948.0,1031.0,2676.4,3858.2,0.0,26331.0,0.0,380.7
Gujarat,2001,196022.0,15152.0,8673.0,0.0,6479.0,2408.0,911.0,542.2000000000002,1810.8,0.0,12907.0,0.0,849.0
Gujarat,2001,196022.0,15152.0,8673.0,0.0,6479.0,2408.0,911.0,542.2000000000002,1810.8,0.0,12907.0,0.0,510.2
Gujarat,2003,196022.0,14946.0,114.0,6231.0,8601.0,1743.0,916.0,0.0,0.0,0.0,8.0,0.0,1160.3
Gujarat,2003,196022.0,14946.0,114.0,6231.0,8601.0,1743.0,916.0,0.0,0.0,0.0,8.0,0.0,686.2
Gujarat,2005,196022.0,14715.0,114.0,6024.0,8577.0,1495.0,936.0,28000.99999999996,45144.00000000003,205322.0,386775.0,0.0,1316.4
Gujarat,2005,196022.0,14715.0,114.0,6024.0,8577.0,1495.0,936.0,28000.99999999996,45144.00000000003,205322.0,386775.0,0.0,631.6
Gujarat,2007,196022.0,14620.0,376.0,5249.0,8995.0,1463.0,1046.0,31529.799999999985,48838.79999999996,184581.0,385574.0,0.0,1178.9
Gujarat,2007,196022.0,14620.0,376.0,5249.0,8995.0,1463.0,1046.0,31529.799999999985,48838.79999999996,184581.0,385574.0,0.0,890.7
Gujarat,2009,196022.0,95576.0,376.0,5249.0,89951.0,0.0,1046.0,29357.399999999947,43580.099999999904,167837.0,351017.0,0.0,641.6
Gujarat,2009,196022.0,95576.0,376.0,5249.0,89951.0,0.0,1046.0,29357.399999999947,43580.099999999904,167837.0,351017.0,0.0,596.9
Gujarat,2011,196022.0,14619.0,376.0,5231.0,9012.0,0.0,1058.0,28916.0,48655.0,171462.0,0.0,0.0,890.5
Gujarat,2011,196022.0,14619.0,376.0,5231.0,9012.0,0.0,1058.0,28916.0,48655.0,171462.0,0.0,0.0,742.5
Gujarat,2013,196022.0,14653.0,376.0,5220.0,9057.0,1492.0,1103.0,19308.0,28411.099999999984,130487.0,43241.0,0.0,1118.6
Gujarat,2013,196022.0,14653.0,376.0,5220.0,9057.0,1492.0,1103.0,19308.0,28411.099999999984,130487.0,43241.0,0.0,681.8
Gujarat,2015,196022.0,14660.0,376.0,5220.0,9064.0,1490.0,1107.0,15519.0,22563.0,93925.0,0.0,33536.0,622.9
Gujarat,2015,196022.0,14660.0,376.0,5220.0,9064.0,1490.0,1107.0,15519.0,22563.0,93925.0,0.0,33536.0,441.7
Gujarat,2017,196244.0,14757.0,378.0,5200.0,9179.0,2194.0,1140.0,0.0,0.0,0.0,0.0,0.0,1024.4
Gujarat,2017,196244.0,14757.0,378.0,5200.0,9179.0,2194.0,1140.0,0.0,0.0,0.0,0.0,0.0,652.1
Gujarat,2019,196244.0,14857.0,378.0,5092.0,9387.0,2994.0,1177.0,0.0,0.0,0.0,0.0,0.0,0.0
Haryana,1987,44212.0,644.0,43.0,0.0,601.0,0.0,0.0,477.6,189.2,0.0,2689.0,0.0,106.2
Haryana,1989,44212.0,613.0,180.0,0.0,433.0,0.0,0.0,638.0000000000001,248.7,0.0,5719.0,0.0,138.83333333333334
Haryana,1991,44212.0,513.0,329.0,0.0,184.0,123.0,0.0,472.6,136.8,0.0,3776.0,0.0,131.29999999999998
Haryana,1993,44212.0,513.0,329.0,0.0,184.0,122.0,0.0,797.4,261.70000000000005,0.0,973.0,0.0,174.6
Haryana,1995,44212.0,603.0,370.0,0.0,233.0,0.0,0.0,1235.0000000000002,560.4000000000002,0.0,7509.0,0.0,273.03333333333336
Haryana,1997,44212.0,604.0,370.0,0.0,234.0,157.0,0.0,531.5999999999998,284.1,0.0,3990.0,0.0,222.86666666666667
Haryana,1999,44212.0,964.0,449.0,0.0,515.0,191.0,0.0,356.1,138.0,0.0,5512.0,0.0,114.8
Haryana,2001,44212.0,1754.0,1139.0,0.0,615.0,88.0,0.0,822.5999999999997,508.0,0.0,11274.0,0.0,161.83333333333334
Haryana,2003,44212.0,1517.0,2.0,518.0,997.0,68.0,0.0,0.0,0.0,0.0,0.0,0.0,199.2
Haryana,2005,44212.0,1587.0,3.0,523.0,1061.0,165.0,0.0,2727.999999999999,5694.700000000003,53499.0,118268.0,0.0,173.16666666666663
Haryana,2007,44212.0,1594.0,27.0,463.0,1104.0,145.0,0.0,1426.8999999999994,1911.8999999999985,19774.0,32697.0,0.0,148.86666666666667
Haryana,2009,44212.0,1594.0,27.0,463.0,1104.0,0.0,0.0,431.6,927.9,9348.0,10157.0,0.0,131.79999999999998
Haryana,2011,44212.0,1608.0,27.0,457.0,1124.0,0.0,0.0,6029.0,12230.0,63185.0,0.0,0.0,170.66666666666666
Haryana,2013,44212.0,1586.0,27.0,453.0,1106.0,150.0,0.0,1375.0,2929.0,21541.0,0.0,0.0,153.73333333333332
Haryana,2015,44212.0,1584.0,27.0,452.0,1105.0,151.0,0.0,1193.0,5683.0,4602.0,0.0,0.0,145.1
Haryana,2017,44212.0,1588.0,28.0,452.0,1108.0,154.0,0.0,0.0,0.0,0.0,0.0,0.0,140.53333333333333
Haryana,2019,44212.0,1602.0,28.0,451.0,1123.0,154.0,0.0,0.0,0.0,0.0,0.0,0.0,0.0
Himachal Pradesh,1987,55673.0,12882.0,9908.0,0.0,2974.0,0.0,0.0,0.0,0.0,0.0,1821.0,0.0,1035.6
Himachal Pradesh,1989,55673.0,13377.0,7100.0,0.0,6277.0,0.0,0.0,56.10000000000001,365.3,0.0,5698.0,0.0,1177.2
Himachal Pradesh,1991,55673.0,11780.0,8911.0,0.0,2869.0,1918.0,0.0,125.89999999999998,1499.8000000000006,0.0,14241.0,0.0,1104.8
Himachal Pradesh,1993,55673.0,12502.0,9565.0,0.0,2937.0,1845.0,0.0,0.0,0.0,0.0,0.0,0.0,1128.3
Himachal Pradesh,1995,55673.0,12501.0,9565.0,0.0,2936.0,0.0,0.0,83.10000000000002,693.4999999999999,0.0,16930.0,0.0,1493.9
Himachal Pradesh,1997,55673.0,12521.0,9560.0,0.0,2961.0,1825.0,0.0,201.9,1068.5999999999997,0.0,8735.0,0.0,1454.5
Himachal Pradesh,1999,55673.0,13082.0,9120.0,0.0,3962.0,566.0,0.0,107.69999999999996,847.0,0.0,15691.0,0.0,1144.9
Himachal Pradesh,2001,55673.0,14360.0,10429.0,0.0,3931.0,566.0,0.0,308.1,1226.6,0.0,0.0,0.0,991.8
Himachal Pradesh,2003,55673.0,14353.0,1093.0,7883.0,5377.0,389.0,0.0,0.0,0.0,0.0,0.0,0.0,1034.5
Himachal Pradesh,2005,55673.0,14369.0,1097.0,7831.0,5441.0,383.0,0.0,912.9999999999994,6290.700000000005,5115.0,111009.0,0.0,1248.5
Himachal Pradesh,2007,55673.0,14668.0,3224.0,6383.0,5061.0,327.0,0.0,1804.6,19608.99999999998,97480.0,354421.0,0.0,1034.5
Himachal Pradesh,2009,55673.0,14668.0,3224.0,6383.0,5061.0,0.0,0.0,2500.6000000000017,19225.60000000001,137223.0,265224.0,0.0,956.5
Himachal Pradesh,2011,55673.0,14679.0,3224.0,6381.0,5074.0,0.0,0.0,4729.0,27128.0,222632.0,0.0,0.0,1108.3
Himachal Pradesh,2013,55673.0,14683.0,3224.0,6381.0,5078.0,298.0,0.0,5173.121666667001,34448.47,235111.0,0.0,0.0,1211.9
Himachal Pradesh,2015,55673.0,14696.0,3224.0,6381.0,5091.0,301.0,0.0,5867.626000001999,31945.563500084005,211428.84666669,0.0,0.0,1210.5
Himachal Pradesh,2017,55673.0,15100.0,3110.0,6705.0,5285.0,308.0,0.0,0.0,0.0,0.0,0.0,0.0,1182.2
Himachal Pradesh,2019,55673.0,15434.0,3113.0,7126.0,5195.0,315.0,0.0,0.0,0.0,0.0,0.0,0.0,0.0
India,1987,3287263.0,653965.0,361512.0,0.0,292453.0,0.0,4046.0,6853.699999999996,10092.9,0.0,115844.0,0.0,46387.99999999999
India,1989,3287263.0,634929.0,377520.0,0.0,257409.0,0.0,4255.0,14673.1,23460.3,0.0,194016.0,0.0,48520.7
India,1991,3287263.0,638319.0,388389.0,0.0,249930.0,64286.0,4244.0,26640.400000000038,40175.599999999984,0.0,366694.0,0.0,50407.90000000001
India,1993,3287263.0,635851.0,385576.0,0.0,250275.0,58943.0,4256.0,30127.599999999948,41683.900000000016,0.0,40378.0,0.0,51514.3
India,1995,3287263.0,635057.0,385756.0,0.0,249301.0,0.0,4533.0,41497.39999999993,54744.20000000008,0.0,408562.0,0.0,54038.2
India,1997,3287263.0,628570.0,367260.0,0.0,261310.0,57211.0,4827.0,37154.79999999995,52028.79999999999,0.0,404921.0,0.0,50982.3
India,1999,3287263.0,632422.0,377358.0,0.0,255064.0,51896.0,4871.0,34998.500000000015,50445.9,0.0,425265.0,0.0,49968.80000000002
India,2001,3287263.0,675538.0,416809.0,0.0,258729.0,37318.0,4482.0,30043.89999999999,56883.299999999945,0.0,395439.0,0.0,46897.30000000001
India,2003,3287263.0,678333.0,51285.0,339279.0,287769.0,40269.0,4448.0,15383.0,50480.0,150890.0,414631.0,0.0,48760.69999999999
India,2005,3287263.0,677088.0,54569.0,332647.0,289872.0,38475.0,4445.0,204325.79999999847,499744.39999999385,1966320.0,3966899.0,0.0,52431.49999999999
India,2007,3287263.0,690899.0,83510.0,319012.0,288732.0,41525.0,4639.0,326224.99999999057,848586.8000000095,3345836.0,6801833.0,0.0,54506.39999999999
India,2009,3287263.0,1106453.682,83427.76,501868.0,521158.0,0.0,4639.0,259374.699999994,717655.0000000133,3161129.0,6309753.0,0.0,41746.60000000001
India,2011,3287263.0,692027.0,83471.0,320736.0,287820.0,0.0,4662.0,410069.8516666577,1042655.6708333323,4306371.81233329,694140.8399999996,0.0,50146.39999999999
India,2013,3287263.0,697898.0,83502.0,318745.0,295651.0,41383.0,4628.0,406015.29483331135,974739.8096666904,4825539.78833363,174763.56999999998,0.0,53106.19999999999
India,2015,3287263.0,701673.0,85904.0,315374.0,300395.0,41362.0,4740.0,409552.12600000185,1163233.0635000838,5045369.371220091,0.0,282997.7239999997,46101.0
India,2017,3287469.0,708273.0,98518.0,308318.0,301797.0,610115.0,4921.0,0.0,0.0,0.0,0.0,0.0,49248.2
India,2019,3287469.0,712249.0,99278.0,308472.0,304499.0,42084.4,4975.0,0.0,0.0,0.0,0.0,0.0,0.0
Jammu & Kashmir,1987,222236.0,20880.0,12978.0,0.0,7902.0,0.0,0.0,0.0,0.0,0.0,0.0,0.0,1216.0
Jammu & Kashmir,1989,222236.0,20424.0,10824.0,0.0,9600.0,0.0,0.0,0.0,0.0,0.0,0.0,0.0,1216.0
Jammu & Kashmir,1991,222236.0,20064.0,10986.0,0.0,9078.0,2540.0,0.0,0.0,0.0,0.0,0.0,0.0,1448.8
Jammu & Kashmir,1993,222236.0,20443.0,10953.0,0.0,9490.0,3108.0,0.0,0.0,0.0,0.0,0.0,0.0,1243.8
Jammu & Kashmir,1995,222236.0,20433.0,11020.0,0.0,9413.0,0.0,0.0,0.0,0.0,0.0,0.0,0.0,1619.6
Jammu & Kashmir,1997,222236.0,20440.0,11020.0,0.0,9420.0,3088.0,0.0,0.0,0.0,0.0,0.0,0.0,1295.9
Jammu & Kashmir,1999,222236.0,20441.0,11019.0,0.0,9422.0,3089.0,0.0,0.0,0.0,0.0,0.0,0.0,890.3
Jammu & Kashmir,2001,222236.0,21237.0,11848.0,0.0,9389.0,3087.0,0.0,0.0,0.0,0.0,0.0,0.0,952.7
Jammu & Kashmir,2003,222236.0,21267.0,2102.0,8395.0,10770.0,2947.0,0.0,0.0,0.0,0.0,0.0,0.0,1311.1
Jammu & Kashmir,2005,22236.0,21273.0,2135.0,8394.0,10744.0,2821.0,0.0,0.0,0.0,0.0,0.0,0.0,1692.7
Jammu & Kashmir,2007,222236.0,22686.0,4298.0,8977.0,9411.0,2036.0,0.0,0.0,0.0,0.0,0.0,0.0,1023.5
Jammu & Kashmir,2009,222236.0,22537.0,4140.0,8760.0,9637.0,0.0,0.0,800.9000000000003,1139.1,9352.0,18641.0,0.0,0.0
Jammu & Kashmir,2011,222236.0,22539.0,4140.0,8760.0,9639.0,0.0,0.0,334.0,735.0,6568.0,0.0,0.0,887.6
Jammu & Kashmir,2013,222236.0,22538.0,4140.0,8760.0,9638.0,2105.0,0.0,3420.0,1107.0,26571.0,0.0,0.0,859.3
Jammu & Kashmir,2015,222236.0,22988.0,4061.0,8815.0,10112.0,625.0,0.0,952.0,4501.0,34077.0,0.0,0.0,1572.8
Jammu & Kashmir,2017,222236.0,23241.0,4075.0,8579.0,10587.0,573.0,0.0,0.0,0.0,0.0,0.0,0.0,1278.9
Jammu & Kashmir,2019,222236.0,23612.0,4281.0,8612.0,10719.0,250.0,0.0,0.0,0.0,0.0,0.0,0.0,0.0
Jharkhand,1987,79714.0,15870.0,0.0,0.0,15870.0,0.0,0.0,0.0,0.0,0.0,0.0,0.0,1332.7
Jharkhand,1989,79714.0,0.0,0.0,0.0,0.0,0.0,0.0,0.0,0.0,0.0,0.0,0.0,1149.0
Jharkhand,1991,79714.0,0.0,0.0,0.0,0.0,4645.0,0.0,0.0,0.0,0.0,0.0,0.0,1250.9
Jharkhand,1993,79714.0,0.0,0.0,0.0,0.0,0.0,0.0,0.0,0.0,0.0,0.0,0.0,1204.0
Jharkhand,1995,79714.0,0.0,0.0,0.0,0.0,0.0,0.0,0.0,0.0,0.0,0.0,0.0,1366.5
Jharkhand,1997,79714.0,0.0,0.0,0.0,0.0,0.0,0.0,0.0,0.0,0.0,0.0,0.0,1461.3
Jharkhand,1999,79714.0,0.0,0.0,0.0,0.0,0.0,0.0,0.0,0.0,0.0,0.0,0.0,1586.9
Jharkhand,2001,79714.0,22637.0,11787.0,0.0,10850.0,976.0,0.0,0.0,0.0,0.0,0.0,0.0,1254.4
Jharkhand,2003,79714.0,22716.0,2544.0,9137.0,11035.0,807.0,0.0,0.0,0.0,0.0,0.0,0.0,1245.0
Jharkhand,2005,79714.0,22591.0,2544.0,9078.0,10969.0,733.0,0.0,11491.900000000005,21643.200000000004,62272.0,123167.0,0.0,960.4
Jharkhand,2007,79714.0,22894.0,2590.0,9899.0,10405.0,683.0,0.0,14932.800000000007,28485.19999999996,84875.0,143006.0,0.0,1437.3
Jharkhand,2009,79714.0,22894.0,2590.0,9899.0,10405.0,0.0,0.0,11619.500000000005,19346.799999999992,87476.0,152852.0,0.0,996.1
Jharkhand,2011,79714.0,22977.0,2590.0,9917.0,10470.0,0.0,0.0,15709.0,28360.0,139996.0,0.0,0.0,1374.7
Jharkhand,2013,76714.0,23473.0,2587.0,9667.0,11219.0,670.0,0.0,10558.12149998,19370.49766666,68147.90499996,0.0,0.0,1253.6
Jharkhand,2015,79714.0,23478.0,2588.0,9663.0,11227.0,685.0,0.0,7636.0,14984.0,63907.0,0.0,0.0,1081.8
Jharkhand,2017,79716.0,23553.0,2598.0,9686.0,11269.0,669.0,0.0,0.0,0.0,0.0,0.0,0.0,1165.8
Jharkhand,2019,79716.0,23611.0,2603.0,9687.0,11321.0,298.0,0.0,0.0,0.0,0.0,0.0,0.0,0.0
Karnataka,1987,191791.0,32264.0,16394.0,0.0,15870.0,0.0,0.0,496.20000000000016,148.20000000000005,0.0,2057.0,0.0,2716.2
Karnataka,1987,191791.0,32264.0,16394.0,0.0,15870.0,0.0,0.0,496.20000000000016,148.20000000000005,0.0,2057.0,0.0,747.4
Karnataka,1987,191791.0,32264.0,16394.0,0.0,15870.0,0.0,0.0,496.20000000000016,148.20000000000005,0.0,2057.0,0.0,934.7
Karnataka,1989,191791.0,32100.0,24749.0,0.0,7351.0,0.0,0.0,1710.6999999999987,1158.3000000000004,0.0,10529.0,0.0,3215.6
Karnataka,1989,191791.0,32100.0,24749.0,0.0,7351.0,0.0,0.0,1710.6999999999987,1158.3000000000004,0.0,10529.0,0.0,676.2
Karnataka,1989,191791.0,32100.0,24749.0,0.0,7351.0,0.0,0.0,1710.6999999999987,1158.3000000000004,0.0,10529.0,0.0,913.5
Karnataka,1991,191791.0,32199.0,24856.0,0.0,7343.0,4645.0,0.0,1019.1999999999997,934.6999999999997,0.0,5854.0,0.0,3719.7
Karnataka,1991,191791.0,32199.0,24856.0,0.0,7343.0,4645.0,0.0,1019.1999999999997,934.6999999999997,0.0,5854.0,0.0,720.0
Karnataka,1991,191791.0,32199.0,24856.0,0.0,7343.0,4645.0,0.0,1019.1999999999997,934.6999999999997,0.0,5854.0,0.0,1221.2
Karnataka,1993,191791.0,32343.0,24852.0,0.0,7491.0,4637.0,0.0,577.0000000000001,686.4000000000002,0.0,161.0,0.0,3481.3
Karnataka,1993,191791.0,32343.0,24852.0,0.0,7491.0,4637.0,0.0,577.0000000000001,686.4000000000002,0.0,161.0,0.0,731.8
Karnataka,1993,191791.0,32343.0,24852.0,0.0,7491.0,4637.0,0.0,577.0000000000001,686.4000000000002,0.0,161.0,0.0,1038.1
Karnataka,1995,191791.0,32380.0,24859.0,0.0,7521.0,0.0,2.0,737.8999999999999,682.7,0.0,2136.0,0.0,3357.8
Karnataka,1995,191791.0,32380.0,24859.0,0.0,7521.0,0.0,2.0,737.8999999999999,682.7,0.0,2136.0,0.0,662.3
Karnataka,1995,191791.0,32380.0,24859.0,0.0,7521.0,0.0,2.0,737.8999999999999,682.7,0.0,2136.0,0.0,883.2
Karnataka,1997,191791.0,32400.0,24854.0,0.0,7546.0,4566.0,3.0,1706.2000000000005,1365.0999999999995,0.0,8693.0,0.0,3953.6
Karnataka,1997,191791.0,32400.0,24854.0,0.0,7546.0,4566.0,3.0,1706.2000000000005,1365.0999999999995,0.0,8693.0,0.0,1095.6
Karnataka,1997,191791.0,32400.0,24854.0,0.0,7546.0,4566.0,3.0,1706.2000000000005,1365.0999999999995,0.0,8693.0,0.0,1180.0
Karnataka,1999,191791.0,32464.0,24832.0,0.0,7632.0,4489.0,3.0,2029.5,1566.6,0.0,7627.0,0.0,3779.9
Karnataka,1999,191791.0,32464.0,24832.0,0.0,7632.0,4489.0,3.0,2029.5,1566.6,0.0,7627.0,0.0,660.8
Karnataka,1999,191791.0,32464.0,24832.0,0.0,7632.0,4489.0,3.0,2029.5,1566.6,0.0,7627.0,0.0,1149.6
Karnataka,2001,191791.0,36991.0,26156.0,0.0,10835.0,3245.0,2.0,1165.9,1448.9,0.0,6667.0,0.0,3111.6
Karnataka,2001,191791.0,36991.0,26156.0,0.0,10835.0,3245.0,2.0,1165.9,1448.9,0.0,6667.0,0.0,598.0
Karnataka,2001,191791.0,36991.0,26156.0,0.0,10835.0,3245.0,2.0,1165.9,1448.9,0.0,6667.0,0.0,926.3
Karnataka,2003,191791.0,36449.0,431.0,22030.0,13988.0,3141.0,3.0,0.0,0.0,0.0,0.0,0.0,3071.9
Karnataka,2003,191791.0,36449.0,431.0,22030.0,13988.0,3141.0,3.0,0.0,0.0,0.0,0.0,0.0,473.5
Karnataka,2003,191791.0,36449.0,431.0,22030.0,13988.0,3141.0,3.0,0.0,0.0,0.0,0.0,0.0,762.8
Karnataka,2005,191791.0,35251.0,464.0,21634.0,13153.0,3151.0,3.0,7746.3,25649.299999999992,51013.0,113479.0,0.0,3470.9
Karnataka,2005,191791.0,35251.0,464.0,21634.0,13153.0,3151.0,3.0,7746.3,25649.299999999992,51013.0,113479.0,0.0,807.5
Karnataka,2005,191791.0,35251.0,464.0,21634.0,13153.0,3151.0,3.0,7746.3,25649.299999999992,51013.0,113479.0,0.0,1319.3
Karnataka,2007,191791.0,36190.0,1777.0,20181.0,14232.0,3176.0,3.0,15801.699999999983,36121.300000000025,107270.0,262801.0,0.0,3860.2
Karnataka,2007,191791.0,36190.0,1777.0,20181.0,14232.0,3176.0,3.0,15801.699999999983,36121.300000000025,107270.0,262801.0,0.0,836.9
Karnataka,2007,191791.0,36190.0,1777.0,20181.0,14232.0,3176.0,3.0,15801.699999999983,36121.300000000025,107270.0,262801.0,0.0,1231.0
Karnataka,2009,191791.0,245911.0,1777.0,201811.0,42323.0,0.0,3.0,12086.399999999958,31672.500000000055,100107.0,241107.0,0.0,3862.0
Karnataka,2009,191791.0,245911.0,1777.0,201811.0,42323.0,0.0,3.0,12086.399999999958,31672.500000000055,100107.0,241107.0,0.0,913.5
Karnataka,2009,191791.0,245911.0,1777.0,201811.0,42323.0,0.0,3.0,12086.399999999958,31672.500000000055,100107.0,241107.0,0.0,1158.4
Karnataka,2011,191791.0,36194.0,1777.0,20179.0,14238.0,0.0,3.0,14320.29166667,29115.95,97767.0,0.0,0.0,3908.6
Karnataka,2011,191791.0,36194.0,1777.0,20179.0,14238.0,0.0,3.0,14320.29166667,29115.95,97767.0,0.0,0.0,655.2
Karnataka,2011,191791.0,36194.0,1777.0,20179.0,14238.0,0.0,3.0,14320.29166667,29115.95,97767.0,0.0,0.0,1087.4
Karnataka,2013,191791.0,36132.0,1777.0,20179.0,14176.0,3216.0,3.0,19818.0,41764.0,190398.0,0.0,0.0,4229.4
Karnataka,2013,191791.0,36132.0,1777.0,20179.0,14176.0,3216.0,3.0,19818.0,41764.0,190398.0,0.0,0.0,723.2
Karnataka,2013,191791.0,36132.0,1777.0,20179.0,14176.0,3216.0,3.0,19818.0,41764.0,190398.0,0.0,0.0,1110.7
Karnataka,2015,191791.0,36421.0,1781.0,20063.0,14577.0,3191.0,3.0,13047.0,39478.0,216055.6912197,0.0,0.0,3106.0
Karnataka,2015,191791.0,36421.0,1781.0,20063.0,14577.0,3191.0,3.0,13047.0,39478.0,216055.6912197,0.0,0.0,551.9
Karnataka,2015,191791.0,36421.0,1781.0,20063.0,14577.0,3191.0,3.0,13047.0,39478.0,216055.6912197,0.0,0.0,1112.5
Karnataka,2017,191791.0,37550.0,4502.0,20444.0,12604.0,4484.0,10.0,0.0,0.0,0.0,0.0,0.0,2947.6
Karnataka,2017,191791.0,37550.0,4502.0,20444.0,12604.0,4484.0,10.0,0.0,0.0,0.0,0.0,0.0,739.6
Karnataka,2017,191791.0,37550.0,4502.0,20444.0,12604.0,4484.0,10.0,0.0,0.0,0.0,0.0,0.0,1061.7
Karnataka,2019,191791.0,38575.0,4501.0,21048.0,13026.0,548.0,10.0,0.0,0.0,0.0,0.0,0.0,0.0
Kerala,1987,38863.0,10402.0,8569.0,0.0,1833.0,0.0,0.0,0.0,2.9,0.0,0.0,0.0,2137.6
Kerala,1989,38863.0,10149.0,8312.0,0.0,1837.0,0.0,0.0,253.40000000000006,1039.1999999999996,0.0,6819.0,0.0,2422.7
Kerala,1991,38863.0,10292.0,8421.0,0.0,1871.0,109.0,0.0,783.6000000000006,2323.4999999999995,0.0,17826.0,0.0,3184.5
Kerala,1993,38863.0,10336.0,8421.0,0.0,1915.0,93.0,0.0,1372.4999999999998,3501.9000000000024,0.0,18.0,0.0,2717.7
Kerala,1995,38863.0,10336.0,8455.0,0.0,1881.0,0.0,0.0,1551.7,2980.0000000000005,0.0,16891.0,0.0,2858.8
Kerala,1997,38863.0,10334.0,8454.0,0.0,1880.0,83.0,0.0,1448.7000000000005,2524.999999999999,0.0,15638.0,0.0,3252.4
Kerala,1999,38863.0,10323.0,8429.0,0.0,1894.0,91.0,0.0,1723.3000000000015,2905.200000000001,0.0,18507.0,0.0,2914.6
Kerala,2001,38863.0,15560.0,11772.0,0.0,3788.0,71.0,0.0,1606.4,2357.600000000001,0.0,16478.0,0.0,2931.1
Kerala,2003,38863.0,15577.0,334.0,9294.0,5949.0,72.0,8.0,0.0,0.0,0.0,0.0,0.0,2394.9
Kerala,2005,38863.0,15595.0,1024.0,8636.0,5935.0,70.0,8.0,5057.099999999993,10162.000000000002,55469.0,74202.0,0.0,3031.1
Kerala,2007,38863.0,17324.0,1443.0,9410.0,6471.0,58.0,5.0,7841.600000000002,21177.799999999963,81483.0,126701.0,0.0,3489.6
Kerala,2009,38863.0,17324.0,1443.0,9410.0,6471.0,0.0,5.0,7480.600000000002,25820.299999999967,77065.0,122407.0,0.0,2810.6
Kerala,2011,38863.0,17300.0,1442.0,9394.0,6464.0,0.0,6.0,10644.3,35354.699999999946,107137.0,57661.0,0.0,3035.1
Kerala,2013,38863.0,17922.0,1529.0,9401.0,6992.0,29.0,6.0,10342.100000000004,30447.69999999995,147864.0,0.0,0.0,3255.4
Kerala,2015,38863.0,19239.0,1523.0,9301.0,8415.0,36.0,9.0,10774.0,39106.0,125847.0,0.0,0.0,2600.6
Kerala,2017,38852.0,20321.0,1663.0,9407.0,9251.0,23.0,9.0,0.0,0.0,0.0,0.0,0.0,2664.9
Kerala,2019,38852.0,21144.0,1935.0,9508.0,9701.0,688.0,9.0,0.0,0.0,0.0,0.0,0.0,0.0
Lakshadweep,1987,32.0,0.0,0.0,0.0,0.0,0.0,0.0,0.0,0.0,0.0,0.0,0.0,1288.6
Lakshadweep,1989,32.0,1.0,0.0,0.0,1.0,0.0,0.0,0.0,0.0,0.0,0.0,0.0,1714.4
Lakshadweep,1991,32.0,0.0,0.0,0.0,0.0,0.0,0.0,0.0,0.0,0.0,0.0,0.0,1583.0
Lakshadweep,1993,32.0,0.0,0.0,0.0,0.0,0.0,0.0,0.0,0.0,0.0,0.0,0.0,1449.7
Lakshadweep,1995,32.0,0.0,0.0,0.0,0.0,0.0,0.0,0.0,0.0,0.0,0.0,0.0,2030.9
Lakshadweep,1997,32.0,0.0,0.0,0.0,0.0,0.0,0.0,0.0,0.0,0.0,0.0,0.0,1764.7
Lakshadweep,1999,32.0,0.0,0.0,0.0,0.0,0.0,0.0,0.0,0.0,0.0,0.0,0.0,1857.3
Lakshadweep,2001,32.0,27.0,27.0,0.0,0.0,0.0,0.0,0.0,0.0,0.0,0.0,0.0,1380.6
Lakshadweep,2003,32.0,23.0,0.0,12.0,11.0,0.0,0.0,0.0,0.0,0.0,0.0,0.0,1532.9
Lakshadweep,2005,32.0,25.0,0.0,15.0,10.0,0.0,0.0,0.0,0.0,0.0,0.0,0.0,1575.4
Lakshadweep,2007,32.0,26.0,0.0,16.0,10.0,0.0,0.0,0.0,0.0,0.0,0.0,0.0,2361.6
Lakshadweep,2009,32.0,26.48,0.0,16.71,9.77,0.0,0.0,0.0,0.0,0.0,0.0,0.0,1570.1
Lakshadweep,2011,32.0,27.0,0.0,17.18,9.88,0.0,2.0,0.0,0.0,0.0,0.0,0.0,1533.7
Lakshadweep,2013,32.0,27.06,0.0,17.18,9.88,0.0,0.0,0.0,0.0,0.0,0.0,0.0,1426.3
Lakshadweep,2015,32.0,27.06,0.0,17.22,9.84,0.0,0.0,0.0,0.0,0.0,0.0,0.0,1642.9
Lakshadweep,2017,30.0,27.1,0.0,17.04,10.06,0.0,0.0,0.0,0.0,0.0,0.0,0.0,1738.9
Lakshadweep,2019,30.0,27.1,0.0,16.09,11.01,0.0,0.0,0.0,0.0,0.0,0.0,0.0,0.0
Madhya Pradesh,1987,308245.0,127749.0,72174.0,0.0,55575.0,0.0,0.0,0.0,0.0,0.0,0.0,0.0,783.9
Madhya Pradesh,1987,308245.0,127749.0,72174.0,0.0,55575.0,0.0,0.0,0.0,0.0,0.0,0.0,0.0,1116.1
Madhya Pradesh,1989,308245.0,133191.0,91448.0,0.0,41743.0,0.0,0.0,905.4,1029.6999999999996,0.0,12027.0,0.0,758.5
Madhya Pradesh,1989,308245.0,133191.0,91448.0,0.0,41743.0,0.0,0.0,905.4,1029.6999999999996,0.0,12027.0,0.0,920.9
Madhya Pradesh,1991,308245.0,135785.0,95385.0,0.0,40400.0,4825.0,0.0,1993.8,3143.6000000000045,0.0,38160.0,0.0,745.5
Madhya Pradesh,1991,308245.0,135785.0,95385.0,0.0,40400.0,4825.0,0.0,1993.8,3143.6000000000045,0.0,38160.0,0.0,1016.9
Madhya Pradesh,1993,308245.0,135396.0,95537.0,0.0,39859.0,3049.0,0.0,2332.9,2800.1000000000013,0.0,883.0,0.0,1031.9
Madhya Pradesh,1993,308245.0,135396.0,95537.0,0.0,39859.0,3049.0,0.0,2332.9,2800.1000000000013,0.0,883.0,0.0,1118.9
Madhya Pradesh,1995,308245.0,135164.0,95153.0,0.0,40011.0,0.0,0.0,441.2,702.3,0.0,7931.0,0.0,864.7
Madhya Pradesh,1995,308245.0,135164.0,95153.0,0.0,40011.0,0.0,0.0,441.2,702.3,0.0,7931.0,0.0,1032.3
Madhya Pradesh,1997,308245.0,131195.0,82745.0,0.0,48450.0,3320.0,0.0,3189.6000000000013,4097.699999999998,0.0,32179.0,0.0,1058.3
Madhya Pradesh,1997,308245.0,131195.0,82745.0,0.0,48450.0,3320.0,0.0,3189.6000000000013,4097.699999999998,0.0,32179.0,0.0,1357.1
Madhya Pradesh,1999,308245.0,131830.0,81619.0,0.0,50211.0,3853.0,0.0,1035.6,1495.5,0.0,19223.0,0.0,1052.7
Madhya Pradesh,1999,308245.0,131830.0,81619.0,0.0,50211.0,3853.0,0.0,1035.6,1495.5,0.0,19223.0,0.0,1443.9
Madhya Pradesh,2001,308245.0,77265.0,44348.0,0.0,32881.0,3452.0,0.0,2882.3,3935.5000000000014,0.0,9135.0,0.0,787.0
Madhya Pradesh,2001,308245.0,77265.0,44348.0,0.0,32881.0,3452.0,0.0,2882.3,3935.5000000000014,0.0,9135.0,0.0,1170.1
Madhya Pradesh,2003,308245.0,76429.0,4000.0,37843.0,34586.0,2378.0,0.0,0.0,0.0,0.0,0.0,0.0,946.4
Madhya Pradesh,2003,308245.0,76429.0,4000.0,37843.0,34586.0,2378.0,0.0,0.0,0.0,0.0,0.0,0.0,1438.1
Madhya Pradesh,2005,308245.0,76013.0,4239.0,36843.0,34931.0,2172.0,0.0,6336.500000000001,11988.8,63956.0,127437.0,0.0,752.2
Madhya Pradesh,2005,308245.0,76013.0,4239.0,36843.0,34931.0,2172.0,0.0,6336.500000000001,11988.8,63956.0,127437.0,0.0,1366.4
Madhya Pradesh,2007,308245.0,77700.0,6647.0,35007.0,36401.0,6401.0,0.0,16082.599999999959,28931.099999999948,195504.0,418116.0,0.0,806.5
Madhya Pradesh,2007,308245.0,77700.0,6647.0,35007.0,36401.0,6401.0,0.0,16082.599999999959,28931.099999999948,195504.0,418116.0,0.0,653.8
Madhya Pradesh,2009,308245.0,77700.0,6647.0,35007.0,36046.0,0.0,0.0,13455.099999999993,22680.900000000005,157580.0,327767.0,0.0,877.0
Madhya Pradesh,2009,308245.0,77700.0,6647.0,35007.0,36046.0,0.0,0.0,13455.099999999993,22680.900000000005,157580.0,327767.0,0.0,943.9
Madhya Pradesh,2011,308245.0,77700.0,6640.0,34986.0,36074.0,0.0,0.0,14843.099999999993,24055.099999999966,173150.84333332,171875.0,0.0,1063.9
Madhya Pradesh,2011,308245.0,77700.0,6640.0,34986.0,36074.0,0.0,0.0,14843.099999999993,24055.099999999966,173150.84333332,171875.0,0.0,1275.2
Madhya Pradesh,2013,308245.0,77522.0,6632.0,34921.0,35969.0,6389.0,0.0,13663.739999999983,24764.179999999968,160147.94999999998,30682.0,0.0,1396.3
Madhya Pradesh,2013,308245.0,77522.0,6632.0,34921.0,35969.0,6389.0,0.0,13663.739999999983,24764.179999999968,160147.94999999998,30682.0,0.0,1521.9
Madhya Pradesh,2015,308245.0,77462.0,6629.0,34902.0,35931.0,6383.0,0.0,21006.5,39311.0,220653.0,0.0,42986.52400000006,1042.3
Madhya Pradesh,2015,308245.0,77462.0,6629.0,34902.0,35931.0,6383.0,0.0,21006.5,39311.0,220653.0,0.0,42986.52400000006,939.2
Madhya Pradesh,2017,308252.0,77414.0,6563.0,34571.0,36280.0,6279.0,0.0,0.0,0.0,0.0,0.0,0.0,769.0
Madhya Pradesh,2017,308252.0,77414.0,6563.0,34571.0,36280.0,6279.0,0.0,0.0,0.0,0.0,0.0,0.0,840.1
Madhya Pradesh,2019,308252.0,77482.0,6676.0,34341.0,36465.0,4484.0,0.0,0.0,0.0,0.0,0.0,0.0,0.0
Maharashtra,1987,307713.0,47276.0,27244.0,0.0,20032.0,0.0,140.0,57.90000000000001,179.60000000000005,0.0,499.0,0.0,807.6
Maharashtra,1987,307713.0,47276.0,27244.0,0.0,20032.0,0.0,140.0,57.90000000000001,179.60000000000005,0.0,499.0,0.0,786.2
Maharashtra,1987,307713.0,47276.0,27244.0,0.0,20032.0,0.0,140.0,57.90000000000001,179.60000000000005,0.0,499.0,0.0,822.6
Maharashtra,1989,307713.0,43944.0,26177.0,0.0,17767.0,0.0,114.0,191.6,797.2000000000003,0.0,3254.0,0.0,816.6
Maharashtra,1989,307713.0,43944.0,26177.0,0.0,17767.0,0.0,114.0,191.6,797.2000000000003,0.0,3254.0,0.0,1068.3
Maharashtra,1989,307713.0,43944.0,26177.0,0.0,17767.0,0.0,114.0,191.6,797.2000000000003,0.0,3254.0,0.0,997.7
Maharashtra,1991,307713.0,43931.0,26172.0,0.0,17759.0,7096.0,113.0,2122.1,3502.099999999999,0.0,28553.0,0.0,880.5
Maharashtra,1991,307713.0,43931.0,26172.0,0.0,17759.0,7096.0,113.0,2122.1,3502.099999999999,0.0,28553.0,0.0,601.0
Maharashtra,1991,307713.0,43931.0,26172.0,0.0,17759.0,7096.0,113.0,2122.1,3502.099999999999,0.0,28553.0,0.0,838.7
Maharashtra,1993,307713.0,43704.0,25680.0,0.0,18024.0,7281.0,155.0,1841.3,2801.700000000001,0.0,682.0,0.0,1019.8
Maharashtra,1993,307713.0,43704.0,25680.0,0.0,18024.0,7281.0,155.0,1841.3,2801.700000000001,0.0,682.0,0.0,806.3
Maharashtra,1993,307713.0,43704.0,25680.0,0.0,18024.0,7281.0,155.0,1841.3,2801.700000000001,0.0,682.0,0.0,1023.0
Maharashtra,1995,307713.0,43688.0,25673.0,0.0,18015.0,0.0,155.0,2618.5999999999995,3174.5999999999995,0.0,26358.0,0.0,776.4
Maharashtra,1995,307713.0,43688.0,25673.0,0.0,18015.0,0.0,155.0,2618.5999999999995,3174.5999999999995,0.0,26358.0,0.0,809.5
Maharashtra,1995,307713.0,43688.0,25673.0,0.0,18015.0,0.0,155.0,2618.5999999999995,3174.5999999999995,0.0,26358.0,0.0,1077.5
Maharashtra,1997,307713.0,46019.0,23622.0,0.0,22397.0,7380.0,124.0,5589.299999999994,7735.200000000005,0.0,43613.0,0.0,1000.9
Maharashtra,1997,307713.0,46019.0,23622.0,0.0,22397.0,7380.0,124.0,5589.299999999994,7735.200000000005,0.0,43613.0,0.0,790.5
Maharashtra,1997,307713.0,46019.0,23622.0,0.0,22397.0,7380.0,124.0,5589.299999999994,7735.200000000005,0.0,43613.0,0.0,1039.3
Maharashtra,1999,307713.0,46564.0,26613.0,0.0,19951.0,7160.0,108.0,6148.100000000002,9466.1,0.0,45185.0,0.0,965.7
Maharashtra,1999,307713.0,46564.0,26613.0,0.0,19951.0,7160.0,108.0,6148.100000000002,9466.1,0.0,45185.0,0.0,767.6
Maharashtra,1999,307713.0,46564.0,26613.0,0.0,19951.0,7160.0,108.0,6148.100000000002,9466.1,0.0,45185.0,0.0,1165.1
Maharashtra,2001,307713.0,47482.0,30894.0,0.0,16588.0,6137.0,118.0,5112.5999999999985,8257.200000000004,0.0,48548.0,0.0,785.1
Maharashtra,2001,307713.0,47482.0,30894.0,0.0,16588.0,6137.0,118.0,5112.5999999999985,8257.200000000004,0.0,48548.0,0.0,732.4
Maharashtra,2001,307713.0,47482.0,30894.0,0.0,16588.0,6137.0,118.0,5112.5999999999985,8257.200000000004,0.0,48548.0,0.0,1122.1
Maharashtra,2003,307713.0,46865.0,8070.0,20317.0,18478.0,4175.0,158.0,1529.0,4868.0,0.0,45768.0,0.0,772.6
Maharashtra,2003,307713.0,46865.0,8070.0,20317.0,18478.0,4175.0,158.0,1529.0,4868.0,0.0,45768.0,0.0,720.1
Maharashtra,2003,307713.0,46865.0,8070.0,20317.0,18478.0,4175.0,158.0,1529.0,4868.0,0.0,45768.0,0.0,1018.6
Maharashtra,2005,307713.0,47476.0,8191.0,20193.0,19092.0,4248.0,158.0,38244.80000000005,59640.70000000001,165072.0,310319.0,0.0,1221.3
Maharashtra,2005,307713.0,47476.0,8191.0,20193.0,19092.0,4248.0,158.0,38244.80000000005,59640.70000000001,165072.0,310319.0,0.0,940.5
Maharashtra,2005,307713.0,47476.0,8191.0,20193.0,19092.0,4248.0,158.0,38244.80000000005,59640.70000000001,165072.0,310319.0,0.0,1214.6
Maharashtra,2007,307713.0,50650.0,8739.0,20834.0,21077.0,4157.0,186.0,72989.6000000006,118155.90000000074,366906.0,672834.0,0.0,1040.4
Maharashtra,2007,307713.0,50650.0,8739.0,20834.0,21077.0,4157.0,186.0,72989.6000000006,118155.90000000074,366906.0,672834.0,0.0,714.6
Maharashtra,2007,307713.0,50650.0,8739.0,20834.0,21077.0,4157.0,186.0,72989.6000000006,118155.90000000074,366906.0,672834.0,0.0,1167.0
Maharashtra,2009,307713.0,50650.0,8739.0,20834.0,21077.0,0.0,186.0,54874.40000000009,115579.00000000012,368538.0,755582.0,0.0,941.7
Maharashtra,2009,307713.0,50650.0,8739.0,20834.0,21077.0,0.0,186.0,54874.40000000009,115579.00000000012,368538.0,755582.0,0.0,668.9
Maharashtra,2009,307713.0,50650.0,8739.0,20834.0,21077.0,0.0,186.0,54874.40000000009,115579.00000000012,368538.0,755582.0,0.0,770.8
Maharashtra,2011,307713.0,50646.0,8736.0,20815.0,21095.0,0.0,186.0,110036.0,212748.0,704223.0,0.0,0.0,852.6
Maharashtra,2011,307713.0,50646.0,8736.0,20815.0,21095.0,0.0,186.0,110036.0,212748.0,704223.0,0.0,0.0,663.5
Maharashtra,2011,307713.0,50646.0,8736.0,20815.0,21095.0,0.0,186.0,110036.0,212748.0,704223.0,0.0,0.0,893.2
Maharashtra,2013,307713.0,50632.0,8720.0,20770.0,21142.0,4157.0,186.0,110387.0,211560.0,665221.3333337,0.0,0.0,962.4
Maharashtra,2013,307713.0,50632.0,8720.0,20770.0,21142.0,4157.0,186.0,110387.0,211560.0,665221.3333337,0.0,0.0,888.0
Maharashtra,2013,307713.0,50632.0,8720.0,20770.0,21142.0,4157.0,186.0,110387.0,211560.0,665221.3333337,0.0,0.0,1520.0
Maharashtra,2015,307713.0,50628.0,8712.0,20747.0,21169.0,4157.0,222.0,107750.0,237211.0,703979.0,0.0,0.0,644.5
Maharashtra,2015,307713.0,50628.0,8712.0,20747.0,21169.0,4157.0,222.0,107750.0,237211.0,703979.0,0.0,0.0,532.2
Maharashtra,2015,307713.0,50628.0,8712.0,20747.0,21169.0,4157.0,222.0,107750.0,237211.0,703979.0,0.0,0.0,993.8
Maharashtra,2017,307713.0,53682.0,8736.0,20652.0,24294.0,4160.0,304.0,0.0,0.0,0.0,0.0,0.0,994.4
Maharashtra,2017,307713.0,53682.0,8736.0,20652.0,24294.0,4160.0,304.0,0.0,0.0,0.0,0.0,0.0,755.6
Maharashtra,2017,307713.0,53682.0,8736.0,20652.0,24294.0,4160.0,304.0,0.0,0.0,0.0,0.0,0.0,803.0
Maharashtra,2019,307713.0,50778.0,8721.0,20572.0,21485.0,13.0,320.0,0.0,0.0,0.0,0.0,0.0,0.0
Manipur,1987,22327.0,17679.0,4670.0,0.0,13009.0,0.0,0.0,0.0,0.0,0.0,0.0,0.0,0.0
Manipur,1989,22327.0,17885.0,5060.0,0.0,12825.0,0.0,0.0,0.0,0.0,0.0,0.0,0.0,0.0
Manipur,1991,22327.0,17685.0,5309.0,0.0,12376.0,1450.0,0.0,0.0,0.0,0.0,0.0,0.0,0.0
Manipur,1993,22327.0,17621.0,5307.0,0.0,12314.0,1461.0,0.0,0.0,0.0,0.0,0.0,0.0,0.0
Manipur,1995,22327.0,17558.0,5318.0,0.0,12240.0,0.0,0.0,0.0,0.0,0.0,0.0,0.0,0.0
Manipur,1997,22327.0,17418.0,4937.0,0.0,12481.0,911.0,0.0,0.0,0.0,0.0,0.0,0.0,0.0
Manipur,1999,22327.0,17384.0,5936.0,0.0,11448.0,177.0,0.0,0.0,0.0,0.0,0.0,0.0,0.0
Manipur,2001,22327.0,16926.0,5710.0,0.0,11216.0,190.0,0.0,0.0,0.0,0.0,0.0,0.0,0.0
Manipur,2003,22327.0,17219.0,720.0,5818.0,10681.0,74.0,0.0,0.0,0.0,0.0,0.0,0.0,0.0
Manipur,2005,22327.0,17086.0,923.0,5541.0,10622.0,39.0,0.0,0.0,0.0,0.0,0.0,0.0,0.0
Manipur,2007,22327.0,17280.0,701.0,5474.0,11105.0,1.0,0.0,63.2,1150.1,3622.0,7290.0,0.0,0.0
Manipur,2009,22327.0,17280.0,701.0,5474.0,11105.0,0.0,0.0,0.0,0.0,0.0,0.0,0.0,0.0
Manipur,2011,22327.0,17090.0,730.0,6151.0,10209.0,0.0,0.0,0.0,0.0,0.0,0.0,0.0,0.0
Manipur,2013,22327.0,16990.0,728.0,6094.0,10168.0,1.0,0.0,0.0,0.0,0.0,0.0,0.0,0.0
Manipur,2015,22327.0,16994.0,727.0,5925.0,10342.0,1182.0,0.0,0.0,0.0,0.0,0.0,0.0,0.0
Manipur,2017,22327.0,17346.0,908.0,6510.0,9928.0,1111.0,0.0,0.0,0.0,0.0,0.0,0.0,0.0
Manipur,2019,22327.0,16847.0,905.0,6386.0,9556.0,6002.0,0.0,0.0,0.0,0.0,0.0,0.0,0.0
Meghalaya,1987,22429.0,16511.0,5749.0,0.0,10762.0,0.0,0.0,0.0,0.0,0.0,0.0,0.0,2191.05
Meghalaya,1989,22429.0,15690.0,3427.0,0.0,12263.0,0.0,0.0,0.0,0.0,0.0,0.0,0.0,2011.575
Meghalaya,1991,22429.0,15875.0,3305.0,0.0,12570.0,923.0,0.0,63.9,337.9,0.0,1070.0,0.0,2128.5
Meghalaya,1993,22429.0,15769.0,3305.0,0.0,12464.0,985.0,0.0,0.0,0.0,0.0,0.0,0.0,2159.4
Meghalaya,1995,22429.0,15714.0,4045.0,0.0,11669.0,0.0,0.0,0.0,0.0,0.0,0.0,0.0,2164.575
Meghalaya,1997,22429.0,15657.0,4044.0,0.0,11613.0,849.0,0.0,75.5,48.90000000000001,0.0,378.0,0.0,1779.15
Meghalaya,1999,22429.0,15633.0,5925.0,0.0,9708.0,261.0,0.0,11.1,39.2,0.0,420.0,0.0,1945.65
Meghalaya,2001,22429.0,15584.0,5681.0,0.0,9903.0,259.0,0.0,85.1,187.1,0.0,1819.0,0.0,1633.8000000000006
Meghalaya,2003,22429.0,16839.0,168.0,6323.0,10348.0,169.0,0.0,0.0,0.0,0.0,0.0,0.0,1825.575
Meghalaya,2005,22429.0,16988.0,338.0,6808.0,9842.0,181.0,0.0,0.0,0.0,0.0,0.0,0.0,1851.225
Meghalaya,2007,22429.0,17321.0,410.0,9501.0,7410.0,211.0,0.0,207.6,852.1999999999997,8886.0,10851.0,0.0,2064.600000000001
Meghalaya,2009,22429.0,17321.0,410.0,9501.0,7410.0,0.0,0.0,6.0,856.8000000000003,10044.0,12970.0,0.0,1551.15
Meghalaya,2011,22429.0,17275.0,433.0,9775.0,7067.0,0.0,0.0,8266.0,4888.0,42663.0,0.0,0.0,1307.5500000000004
Meghalaya,2013,22429.0,17288.0,449.0,9689.0,7150.0,372.0,0.0,3442.0,6261.0,37611.0,0.0,0.0,1362.3000000000004
Meghalaya,2015,22429.0,17217.0,449.0,9584.0,7184.0,348.0,0.0,2673.0,5694.0,30594.0,0.0,0.0,1853.175
Meghalaya,2017,22429.0,17146.0,453.0,9386.0,7307.0,505.0,0.0,0.0,0.0,0.0,0.0,0.0,2033.775
Meghalaya,2019,22429.0,17119.0,489.0,9267.0,7363.0,4256.0,0.0,0.0,0.0,0.0,0.0,0.0,0.0
Mizoram,1987,21081.0,19092.0,2938.0,0.0,16154.0,0.0,0.0,0.0,0.0,0.0,0.0,0.0,0.0
Mizoram,1989,21081.0,18178.0,3883.0,0.0,14295.0,0.0,0.0,0.0,0.0,0.0,0.0,0.0,0.0
Mizoram,1991,21081.0,18853.0,4279.0,0.0,14574.0,866.0,0.0,0.0,0.0,0.0,0.0,0.0,0.0
Mizoram,1993,21081.0,18697.0,4238.0,0.0,14459.0,1156.0,0.0,0.0,0.0,0.0,0.0,0.0,0.0
Mizoram,1995,21081.0,18576.0,4281.0,0.0,14295.0,0.0,0.0,0.0,0.0,0.0,0.0,0.0,0.0
Mizoram,1997,21081.0,18775.0,4348.0,0.0,14427.0,937.0,0.0,0.0,0.0,0.0,0.0,0.0,0.0
Mizoram,1999,21081.0,18338.0,3786.0,0.0,14552.0,125.0,0.0,0.0,0.0,0.0,0.0,0.0,0.0
Mizoram,2001,21081.0,17494.0,8936.0,0.0,8558.0,467.0,0.0,0.0,0.0,0.0,0.0,0.0,0.0
Mizoram,2003,21081.0,18430.0,84.0,7404.0,10942.0,274.0,0.0,0.0,0.0,0.0,0.0,0.0,0.0
Mizoram,2005,21081.0,18684.0,133.0,6173.0,12378.0,0.0,0.0,0.0,0.0,4652.0,15629.0,0.0,0.0
Mizoram,2007,21081.0,19240.0,134.0,6251.0,12855.0,1.0,0.0,10.6,1377.6000000000006,11629.0,25230.0,0.0,0.0
Mizoram,2009,21081.0,19183.0,134.0,6149.0,12900.0,0.0,0.0,0.0,0.0,0.0,0.0,0.0,0.0
Mizoram,2011,21081.0,19117.0,134.0,6086.0,12897.0,0.0,0.0,612.0,1688.965,12093.66666667,0.0,0.0,0.0
Mizoram,2013,21081.0,19054.0,138.0,5900.0,13016.0,0.0,0.0,2433.681666666001,7625.930000000999,55439.0,0.0,0.0,0.0
Mizoram,2015,21081.0,18748.0,138.0,5858.0,12752.0,0.0,0.0,2241.0,7354.0,43936.0,0.0,0.0,0.0
Mizoram,2017,21081.0,18186.0,131.0,5861.0,12194.0,0.0,0.0,0.0,0.0,0.0,0.0,0.0,0.0
Mizoram,2019,21081.0,18006.0,157.0,5801.0,12048.0,1181.0,0.0,0.0,0.0,0.0,0.0,0.0,0.0
Nagaland,1987,16579.0,14451.0,6479.0,0.0,7972.0,0.0,0.0,0.0,0.0,0.0,0.0,0.0,0.0
Nagaland,1989,16579.0,14356.0,4632.0,0.0,9724.0,0.0,0.0,0.0,0.0,0.0,0.0,0.0,0.0
Nagaland,1991,16579.0,14321.0,3531.0,0.0,10790.0,78.0,0.0,0.0,0.0,0.0,0.0,0.0,0.0
Nagaland,1993,16579.0,14348.0,3487.0,0.0,10861.0,120.0,0.0,0.0,0.0,0.0,0.0,0.0,0.0
Nagaland,1995,16579.0,14291.0,3487.0,0.0,10804.0,0.0,0.0,0.0,0.0,0.0,0.0,0.0,0.0
Nagaland,1997,16579.0,14221.0,3487.0,0.0,10734.0,70.0,0.0,0.0,0.0,0.0,0.0,0.0,0.0
Nagaland,1999,16579.0,14164.0,5137.0,0.0,9027.0,14.0,0.0,0.0,0.0,0.0,0.0,0.0,0.0
Nagaland,2001,16579.0,13345.0,5393.0,0.0,7952.0,47.0,0.0,0.0,0.0,0.0,0.0,0.0,0.0
Nagaland,2003,16579.0,13609.0,57.0,5650.0,7902.0,231.0,0.0,0.0,0.0,13172.0,24340.0,0.0,0.0
Nagaland,2005,16579.0,13719.0,236.0,5602.0,7881.0,13.0,0.0,0.0,369.0,5424.0,10483.0,0.0,0.0
Nagaland,2007,16579.0,13464.0,1274.0,4897.0,7293.0,2.0,0.0,115.5,2929.200000000003,14028.0,25922.0,0.0,0.0
Nagaland,2009,16579.0,13464.0,1274.0,4897.0,7293.0,0.0,0.0,3.7,1464.9,7154.0,12965.0,0.0,0.0
Nagaland,2011,16579.0,13318.0,1293.0,4931.0,7094.0,0.0,0.0,832.0,2555.000000000003,34254.0,0.0,0.0,0.0
Nagaland,2013,16579.0,13044.0,1298.0,4736.0,7010.0,2.0,0.0,794.0,2078.0,36929.0,0.0,0.0,0.0
Nagaland,2015,16579.0,12966.0,1296.0,4695.0,6975.0,622.0,0.0,798.0,2723.0,43017.0,0.0,0.0,0.0
Nagaland,2017,16579.0,12489.0,1279.0,4587.0,6623.0,503.0,0.0,0.0,0.0,0.0,0.0,0.0,0.0
Nagaland,2019,16579.0,12486.0,1273.0,4534.0,6679.0,600.0,0.0,0.0,0.0,0.0,0.0,0.0,0.0
Odisha,1987,155707.0,52964.0,28573.0,0.0,24391.0,0.0,199.0,0.0,0.0,0.0,436.0,0.0,1097.6
Odisha,1989,155707.0,46945.0,27561.0,0.0,19384.0,0.0,192.0,223.5,134.9,0.0,3545.0,0.0,1299.7
Odisha,1991,155707.0,47010.0,27349.0,0.0,19661.0,6295.0,195.0,90.2,0.0,0.0,3439.0,0.0,1472.8
Odisha,1993,155707.0,46950.0,27151.0,0.0,19799.0,6355.0,195.0,1541.0999999999995,1462.1999999999994,0.0,2466.0,0.0,1448.0
Odisha,1995,155707.0,46912.0,27163.0,0.0,19749.0,0.0,195.0,1355.9999999999998,1576.7,0.0,14383.0,0.0,1614.0
Odisha,1997,155707.0,46730.0,26101.0,0.0,20629.0,5461.0,211.0,1030.9,1063.4,0.0,10263.0,0.0,1504.5
Odisha,1999,155707.0,46818.0,26073.0,0.0,20745.0,5439.0,215.0,820.1999999999997,1091.9999999999998,0.0,13443.0,0.0,1484.3
Odisha,2001,155707.0,48838.0,27972.0,0.0,20866.0,5782.0,219.0,728.5,1699.8000000000006,0.0,13281.0,0.0,1672.5
Odisha,2003,155707.0,48366.0,288.0,27882.0,20196.0,5346.0,203.0,0.0,0.0,0.0,0.0,0.0,1648.2
Odisha,2005,155707.0,48374.0,538.0,27656.0,20180.0,4743.0,203.0,2837.200000000001,13428.999999999998,72557.0,143870.0,0.0,1503.4
Odisha,2007,155707.0,48855.0,7073.0,21394.0,20388.0,4852.0,221.0,5199.999999999998,25857.79999999998,125381.0,273481.0,0.0,1633.8
Odisha,2009,155707.0,48855.0,7073.0,21394.0,20388.0,0.0,221.0,5464.400000000007,27258.599999999922,129587.0,280197.0,0.0,1330.3
Odisha,2011,155707.0,48903.0,7060.0,21366.0,20477.0,0.0,222.0,747.0,6433.849999989996,32248.333333399998,45704.0,0.0,1346.2
Odisha,2013,155707.0,50347.0,7042.0,21298.0,22007.0,4424.0,213.0,8770.0,36527.0,184455.6666669,0.0,0.0,1632.4
Odisha,2015,155707.0,50354.0,7023.0,21470.0,21861.0,4499.0,231.0,11813.0,42336.0,211216.0,0.0,87494.0,1210.1
Odisha,2017,155707.0,51345.0,6967.0,21370.0,23008.0,4306.0,243.0,0.0,0.0,0.0,0.0,0.0,1344.5
Odisha,2019,155707.0,51619.0,6970.0,21552.0,23097.0,1.0,251.0,0.0,0.0,0.0,0.0,0.0,0.0
Puducherry,1987,480.0,8.0,0.0,0.0,8.0,0.0,0.0,0.0,0.0,0.0,0.0,0.0,0.0
Puducherry,1989,480.0,0.0,0.0,0.0,0.0,0.0,0.0,275.1,1108.7,0.0,3975.0,0.0,0.0
Puducherry,1991,480.0,0.0,0.0,0.0,0.0,0.0,0.0,290.9,348.30000000000007,0.0,3463.0,0.0,0.0
Puducherry,1993,480.0,0.0,0.0,0.0,0.0,0.0,0.0,646.1,1132.1,0.0,0.0,0.0,0.0
Puducherry,1995,480.0,0.0,0.0,0.0,0.0,0.0,0.0,1650.1,2300.1,0.0,6524.0,0.0,0.0
Puducherry,1997,480.0,0.0,0.0,0.0,0.0,0.0,0.0,2095.4,1623.8000000000006,0.0,9551.0,0.0,0.0
Puducherry,1999,480.0,0.0,0.0,0.0,0.0,0.0,0.0,1230.3000000000004,1277.9000000000005,0.0,6956.0,0.0,0.0
Puducherry,2001,480.0,36.0,35.0,0.0,1.0,0.0,1.0,345.40000000000015,446.3,0.0,2758.0,0.0,0.0
Puducherry,2003,480.0,40.0,0.0,17.0,23.0,0.0,1.0,0.0,0.0,0.0,0.0,0.0,0.0
Puducherry,2005,480.0,42.0,0.0,17.0,25.0,0.0,1.0,4279.5999999999985,3997.199999999999,13509.0,22054.0,0.0,0.0
Puducherry,2007,480.0,44.0,0.0,13.0,31.0,0.0,1.0,1035.8999999999996,1672.4999999999993,13703.0,22427.0,0.0,0.0
Puducherry,2009,480.0,49.97,0.0,34.1,15.87,0.0,1.0,110.0,270.0,1736.0,2720.0,0.0,0.0
Puducherry,2011,480.0,50.0,0.0,35.37,14.69,0.0,0.0,1584.1999999999994,3492.0,9672.0,0.0,0.0,0.0
Puducherry,2013,480.0,50.06,0.0,35.23,14.83,0.0,1.63,1574.0,3477.0,11664.0,0.0,0.0,0.0
Puducherry,2015,480.0,55.38,0.0,29.68,25.7,0.0,2.0,4995.0,5328.0,18149.0,0.0,0.0,0.0
Puducherry,2017,490.0,53.67,0.0,17.6,36.07,0.0,2.0,0.0,0.0,0.0,0.0,0.0,0.0
Puducherry,2019,490.0,52.41,0.0,17.66,34.75,0.0,2.0,0.0,0.0,0.0,0.0,0.0,0.0
Punjab,1987,50362.0,766.0,96.0,0.0,670.0,0.0,0.0,0.0,0.0,0.0,11604.0,0.0,409.6
Punjab,1989,50362.0,1161.0,97.0,0.0,1064.0,0.0,0.0,9.4,612.0999999999998,0.0,7989.0,0.0,480.3
Punjab,1991,50362.0,1343.0,481.0,0.0,862.0,93.0,0.0,353.2,851.5999999999997,0.0,5075.0,0.0,475.9
Punjab,1993,50362.0,1343.0,481.0,0.0,862.0,114.0,0.0,0.0,0.0,0.0,0.0,0.0,583.1
Punjab,1995,50362.0,1342.0,481.0,0.0,861.0,0.0,0.0,126.6,71.9,0.0,669.0,0.0,869.1
Punjab,1997,50362.0,1387.0,511.0,0.0,876.0,116.0,0.0,1642.999999999999,3413.9,0.0,21194.0,0.0,690.1
Punjab,1999,50362.0,1412.0,517.0,0.0,895.0,107.0,0.0,1882.8,3263.4,0.0,36440.0,0.0,364.4
Punjab,2001,50362.0,2432.0,1549.0,0.0,883.0,30.0,0.0,1422.1000000000006,2884.5999999999995,0.0,15569.0,0.0,441.0
Punjab,2003,50362.0,1580.0,0.0,743.0,837.0,22.0,0.0,4174.0,12855.0,85353.0,0.0,0.0,424.6
Punjab,2005,50362.0,1558.0,0.0,723.0,835.0,15.0,0.0,16470.599999999984,34192.6,191407.0,26942.0,0.0,552.0
Punjab,2007,50362.0,1664.0,0.0,733.0,931.0,20.0,0.0,24585.299999999872,71037.10000000024,311504.0,178322.0,0.0,594.8
Punjab,2009,50362.0,1664.0,0.0,733.0,931.0,0.0,0.0,16396.099999999944,50671.100000000195,248342.0,119153.0,0.0,361.2
Punjab,2011,50362.0,1764.0,0.0,736.0,1028.0,0.0,0.0,22240.59999999988,56985.200000000565,359959.0,110.0,0.0,705.2
Punjab,2013,50362.0,1772.0,0.0,736.0,1036.0,37.0,0.0,25679.0,67681.5,423576.0,0.0,0.0,586.6
Punjab,2015,50362.0,1771.0,0.0,735.0,1036.0,37.0,0.0,21039.0,62786.0,338457.0,0.0,0.0,510.8
Punjab,2017,50362.0,1837.0,8.0,806.0,1023.0,33.0,0.0,0.0,0.0,0.0,0.0,0.0,497.5
Punjab,2019,50362.0,1849.0,8.0,801.0,1040.0,635.0,0.0,0.0,0.0,0.0,0.0,0.0,0.0
Rajasthan,1987,342239.0,12478.0,3048.0,0.0,9430.0,0.0,0.0,384.8,1515.4,0.0,7840.0,0.0,143.0
Rajasthan,1987,342239.0,12478.0,3048.0,0.0,9430.0,0.0,0.0,384.8,1515.4,0.0,7840.0,0.0,435.7
Rajasthan,1989,342239.0,12966.0,2902.0,0.0,10064.0,0.0,0.0,659.3,4326.5999999999985,0.0,10387.0,0.0,248.1
Rajasthan,1989,342239.0,12966.0,2902.0,0.0,10064.0,0.0,0.0,659.3,4326.5999999999985,0.0,10387.0,0.0,510.5
Rajasthan,1991,342239.0,12835.0,3027.0,0.0,9808.0,6872.0,0.0,1059.5000000000002,4867.200000000004,0.0,12256.0,0.0,179.0
Rajasthan,1991,342239.0,12835.0,3027.0,0.0,9808.0,6872.0,0.0,1059.5000000000002,4867.200000000004,0.0,12256.0,0.0,578.6
Rajasthan,1993,342239.0,13099.0,3581.0,0.0,9518.0,6752.0,0.0,1407.3999999999994,4542.3,0.0,970.0,0.0,293.5
Rajasthan,1993,342239.0,13099.0,3581.0,0.0,9518.0,6752.0,0.0,1407.3999999999994,4542.3,0.0,970.0,0.0,595.2
Rajasthan,1995,342239.0,13280.0,3684.0,0.0,9596.0,0.0,0.0,3937.3999999999987,8788.3,0.0,64175.0,0.0,367.9
Rajasthan,1995,342239.0,13280.0,3684.0,0.0,9596.0,0.0,0.0,3937.3999999999987,8788.3,0.0,64175.0,0.0,754.3
Rajasthan,1997,342239.0,13353.0,3690.0,0.0,9663.0,6781.0,0.0,2172.999999999999,6592.299999999997,0.0,40781.0,0.0,345.1
Rajasthan,1997,342239.0,13353.0,3690.0,0.0,9663.0,6781.0,0.0,2172.999999999999,6592.299999999997,0.0,40781.0,0.0,573.9
Rajasthan,1999,342239.0,13871.0,4309.0,0.0,9562.0,6921.0,0.0,2157.7,7395.6,0.0,39726.0,0.0,204.3
Rajasthan,1999,342239.0,13871.0,4309.0,0.0,9562.0,6921.0,0.0,2157.7,7395.6,0.0,39726.0,0.0,408.4
Rajasthan,2001,342239.0,16367.0,6322.0,0.0,10045.0,4925.0,0.0,2280.3,7264.3,0.0,60299.0,0.0,285.3
Rajasthan,2001,342239.0,16367.0,6322.0,0.0,10045.0,4925.0,0.0,2280.3,7264.3,0.0,60299.0,0.0,551.2
Rajasthan,2003,342239.0,15826.0,14.0,4482.0,11330.0,4564.0,0.0,2981.0,4168.0,0.0,100196.0,0.0,368.1
Rajasthan,2003,342239.0,15826.0,14.0,4482.0,11330.0,4564.0,0.0,2981.0,4168.0,0.0,100196.0,0.0,626.6
Rajasthan,2005,342239.0,15850.0,14.0,4456.0,11380.0,4527.0,0.0,13676.3,43140.79999999997,190060.0,503558.0,0.0,260.8
Rajasthan,2005,342239.0,15850.0,14.0,4456.0,11380.0,4527.0,0.0,13676.3,43140.79999999997,190060.0,503558.0,0.0,567.9
Rajasthan,2007,342239.0,16036.0,72.0,4450.0,11514.0,4347.0,0.0,14353.900000000032,51546.89999999996,240639.0,609010.0,0.0,310.8
Rajasthan,2007,342239.0,16036.0,72.0,4450.0,11514.0,4347.0,0.0,14353.900000000032,51546.89999999996,240639.0,609010.0,0.0,575.7
Rajasthan,2009,342239.0,16036.0,72.0,4450.0,11514.0,0.0,0.0,12582.29999999999,55916.09999999999,265840.0,631529.0,0.0,160.4
Rajasthan,2009,342239.0,16036.0,72.0,4450.0,11514.0,0.0,0.0,12582.29999999999,55916.09999999999,265840.0,631529.0,0.0,414.1
Rajasthan,2011,342239.0,16087.0,72.0,4448.0,11567.0,0.0,0.0,13636.0,58627.0,322947.0,0.0,0.0,418.7
Rajasthan,2011,342239.0,16087.0,72.0,4448.0,11567.0,0.0,0.0,13636.0,58627.0,322947.0,0.0,0.0,802.1
Rajasthan,2013,342239.0,16086.0,72.0,4424.0,11590.0,4211.0,0.0,14441.0,62430.96200003003,357512.3333330701,0.0,0.0,389.4
Rajasthan,2013,342239.0,16086.0,72.0,4424.0,11590.0,4211.0,0.0,14441.0,62430.96200003003,357512.3333330701,0.0,0.0,836.1
Rajasthan,2015,342239.0,16171.0,76.0,4426.0,11669.0,4302.0,0.0,14934.0,65474.0,344438.0,0.0,0.0,458.4
Rajasthan,2015,342239.0,16171.0,76.0,4426.0,11669.0,4302.0,0.0,14934.0,65474.0,344438.0,0.0,0.0,650.7
Rajasthan,2017,342239.0,16572.0,78.0,4340.0,12154.0,4579.0,0.0,0.0,0.0,0.0,0.0,0.0,408.3
Rajasthan,2017,342239.0,16572.0,78.0,4340.0,12154.0,4579.0,0.0,0.0,0.0,0.0,0.0,0.0,600.3
Rajasthan,2019,342239.0,16630.0,78.0,4342.0,12210.0,4327.0,0.0,0.0,0.0,0.0,0.0,0.0,0.0
Sikkim,1987,7096.0,2839.0,1867.0,0.0,972.0,0.0,0.0,0.0,0.0,0.0,0.0,0.0,3185.5
Sikkim,1989,7096.0,3124.0,2410.0,0.0,714.0,0.0,0.0,0.0,0.0,0.0,0.0,0.0,2854.6
Sikkim,1991,7096.0,3033.0,2403.0,0.0,630.0,463.0,0.0,0.0,0.0,0.0,0.0,0.0,3072.4
Sikkim,1993,7096.0,3119.0,2395.0,0.0,724.0,437.0,0.0,0.0,0.0,0.0,0.0,0.0,2895.9
Sikkim,1995,7096.0,3127.0,2424.0,0.0,703.0,0.0,0.0,0.0,0.0,0.0,0.0,0.0,3557.8
Sikkim,1997,7096.0,3129.0,2423.0,0.0,706.0,439.0,0.0,0.0,0.0,0.0,0.0,0.0,2551.4
Sikkim,1999,7096.0,3118.0,2363.0,0.0,755.0,386.0,0.0,0.0,0.0,0.0,0.0,0.0,3323.3
Sikkim,2001,7096.0,3193.0,2391.0,0.0,802.0,341.0,0.0,0.0,0.0,0.0,0.0,0.0,2612.6
Sikkim,2003,7096.0,3262.0,458.0,1904.0,900.0,360.0,0.0,0.0,0.0,0.0,0.0,0.0,2723.3
Sikkim,2005,7096.0,3262.0,498.0,1912.0,852.0,363.0,0.0,0.0,0.0,0.0,0.0,0.0,2807.7
Sikkim,2007,7096.0,3357.0,500.0,2161.0,696.0,356.0,0.0,19.8,26.8,32.0,75.0,0.0,2638.9
Sikkim,2009,7096.0,3359.0,500.0,2161.0,698.0,0.0,0.0,0.0,0.0,0.0,0.0,0.0,2324.6
Sikkim,2011,7096.0,3359.0,500.0,2161.0,698.0,0.0,0.0,0.0,0.0,0.0,0.0,0.0,2418.7
Sikkim,2013,7096.0,3358.0,500.0,2161.0,697.0,311.0,0.0,0.0,0.0,0.0,0.0,0.0,2406.1
Sikkim,2015,7096.0,3357.0,500.0,2160.0,697.0,311.0,0.0,0.0,0.0,0.0,0.0,0.0,2518.6
Sikkim,2017,7096.0,3344.0,1081.0,1575.0,688.0,307.0,0.0,0.0,0.0,0.0,0.0,0.0,2684.9
Sikkim,2019,7096.0,3342.0,1102.0,1552.0,688.0,33.0,0.0,0.0,0.0,0.0,0.0,0.0,0.0
Tamil Nadu,1987,130058.0,18357.0,10866.0,0.0,7491.0,0.0,23.0,341.7999999999999,18.4,0.0,2854.0,0.0,963.5
Tamil Nadu,1989,130058.0,17668.0,9759.0,0.0,7909.0,0.0,47.0,984.0000000000003,1412.9,0.0,7713.0,0.0,856.5
Tamil Nadu,1991,130058.0,17666.0,9757.0,0.0,7909.0,2792.0,47.0,1376.5000000000002,1866.9000000000005,0.0,11646.0,0.0,954.8
Tamil Nadu,1993,130058.0,17705.0,9422.0,0.0,8283.0,2818.0,21.0,326.99999999999994,590.9,0.0,0.0,0.0,1082.3
Tamil Nadu,1995,130058.0,17745.0,9418.0,0.0,8327.0,0.0,21.0,1687.0,1862.2000000000005,0.0,11796.0,0.0,843.4
Tamil Nadu,1997,130058.0,17043.0,8676.0,0.0,8367.0,2832.0,21.0,1614.0000000000007,1970.0000000000007,0.0,14403.0,0.0,950.5
Tamil Nadu,1999,130058.0,17057.0,8659.0,0.0,8398.0,2836.0,21.0,853.1999999999997,1739.5,0.0,8768.0,0.0,922.6
Tamil Nadu,2001,130058.0,21482.0,12499.0,0.0,8983.0,3180.0,23.0,1368.9,3367.200000000001,0.0,13327.0,0.0,483.4
Tamil Nadu,2003,130058.0,22643.0,2440.0,9567.0,10636.0,2040.0,35.0,0.0,0.0,0.0,0.0,0.0,348.5
Tamil Nadu,2005,130058.0,23044.0,2650.0,9790.0,10604.0,1808.0,35.0,7713.1999999999925,16844.200000000015,38063.0,83536.0,0.0,1365.3
Tamil Nadu,2007,130058.0,23338.0,2926.0,10216.0,10196.0,1206.0,39.0,18244.700000000004,29237.600000000013,87637.0,178117.0,0.0,1067.2
Tamil Nadu,2009,130058.0,23551.0,2926.0,10343.0,10282.0,0.0,39.0,11416.399999999998,21344.29999999998,77272.0,157152.0,0.0,928.5
Tamil Nadu,2011,130058.0,23625.0,2948.0,10321.0,10356.0,0.0,39.0,16061.0,34721.5,122048.0,0.0,0.0,926.5
Tamil Nadu,2013,130058.0,23844.0,2948.0,10199.0,10697.0,1212.0,39.0,27919.0,51461.0,171559.0,0.0,0.0,741.9
Tamil Nadu,2015,130058.0,26345.0,2993.0,10469.0,12883.0,414.0,47.0,24307.0,48560.0,140675.0,0.0,13415.899999999998,1204.6
Tamil Nadu,2017,130060.0,26281.0,3672.0,10979.0,11630.0,657.0,49.0,0.0,0.0,0.0,0.0,0.0,973.0
Tamil Nadu,2019,130060.0,26364.0,3605.0,11030.0,11729.0,307.0,45.0,0.0,0.0,0.0,0.0,0.0,0.0
Telangana,2015,114865.0,21591.0,513.0,12712.0,8366.0,1874.0,0.0,11505.0,43636.0,174079.0,0.0,0.0,857.3
Telangana,2017,112077.0,20419.0,1596.0,8738.0,10085.0,3238.0,0.0,0.0,0.0,0.0,0.0,0.0,815.7
Telangana,2019,112077.0,20582.0,1608.0,8787.0,10187.0,715.0,0.0,0.0,0.0,0.0,0.0,0.0,0.0
Tripura,1987,10486.0,5743.0,340.0,0.0,5403.0,0.0,0.0,0.0,0.0,0.0,0.0,0.0,2361.3
Tripura,1989,10486.0,5325.0,1214.0,0.0,4111.0,0.0,0.0,0.0,0.0,0.0,0.0,0.0,2359.0
Tripura,1991,10486.0,5535.0,1825.0,0.0,3710.0,109.0,0.0,0.0,0.0,0.0,0.0,0.0,2851.9
Tripura,1993,10486.0,5538.0,1819.0,0.0,3719.0,138.0,0.0,0.0,0.0,0.0,0.0,0.0,2881.7
Tripura,1995,10486.0,5538.0,1819.0,0.0,3719.0,0.0,0.0,0.0,0.0,0.0,0.0,0.0,2340.2
Tripura,1997,10486.0,5546.0,1819.0,0.0,3727.0,150.0,0.0,0.0,0.0,0.0,0.0,0.0,2212.0
Tripura,1999,10486.0,5745.0,2228.0,0.0,3517.0,38.0,0.0,0.0,0.0,0.0,0.0,0.0,2233.0
Tripura,2001,10486.0,7065.0,3463.0,0.0,3602.0,44.0,0.0,0.0,0.0,0.0,0.0,0.0,2149.0
Tripura,2003,10486.0,8093.0,58.0,4988.0,3047.0,1.0,0.0,0.0,0.0,0.0,0.0,0.0,2162.2
Tripura,2005,10486.0,8155.0,61.0,4969.0,3125.0,59.0,0.0,0.0,0.0,0.0,0.0,0.0,1836.7
Tripura,2007,10486.0,8073.0,111.0,4770.0,3192.0,75.0,0.0,0.0,0.0,0.0,0.0,0.0,2538.2
Tripura,2009,10486.0,7985.0,109.0,4702.0,3174.0,0.0,0.0,0.0,0.0,0.0,0.0,0.0,1737.7
Tripura,2011,10486.0,7977.0,109.0,4686.0,3182.0,0.0,0.0,0.0,0.0,0.0,0.0,0.0,1892.1
Tripura,2013,10486.0,7866.0,109.0,4641.0,3116.0,66.0,0.0,0.0,0.0,0.0,0.0,0.0,1557.2
Tripura,2015,10486.0,7811.0,113.0,4609.0,3089.0,55.0,0.0,0.0,0.0,0.0,0.0,0.0,1922.4
Tripura,2017,10486.0,7726.0,656.0,5246.0,1824.0,15.0,0.0,0.0,0.0,0.0,0.0,0.0,2805.4
Tripura,2019,10486.0,7726.0,654.0,5236.0,1836.0,3615.0,0.0,0.0,0.0,0.0,0.0,0.0,0.0
Uttar Pradesh,1987,240928.0,31443.0,18876.0,0.0,12567.0,0.0,0.0,814.9,763.7,0.0,21017.0,0.0,824.7
Uttar Pradesh,1987,240928.0,31443.0,18876.0,0.0,12567.0,0.0,0.0,814.9,763.7,0.0,21017.0,0.0,466.8
Uttar Pradesh,1989,240928.0,33844.0,22632.0,0.0,11212.0,0.0,0.0,2194.300000000001,1580.8000000000006,0.0,39390.0,0.0,969.9
Uttar Pradesh,1989,240928.0,33844.0,22632.0,0.0,11212.0,0.0,0.0,2194.300000000001,1580.8000000000006,0.0,39390.0,0.0,657.3
Uttar Pradesh,1991,240928.0,33609.0,22649.0,0.0,10960.0,1001.0,0.0,3175.200000000001,3160.9000000000005,0.0,65323.0,0.0,875.2
Uttar Pradesh,1991,240928.0,33609.0,22649.0,0.0,10960.0,1001.0,0.0,3175.200000000001,3160.9000000000005,0.0,65323.0,0.0,748.7
Uttar Pradesh,1993,240928.0,33961.0,22965.0,0.0,10996.0,1043.0,0.0,4940.600000000001,4024.3999999999987,0.0,26442.0,0.0,834.0
Uttar Pradesh,1993,240928.0,33961.0,22965.0,0.0,10996.0,1043.0,0.0,4940.600000000001,4024.3999999999987,0.0,26442.0,0.0,771.9
Uttar Pradesh,1995,240928.0,33986.0,22969.0,0.0,11017.0,0.0,0.0,3853.0,3593.200000000001,0.0,64279.0,0.0,860.5
Uttar Pradesh,1995,240928.0,33986.0,22969.0,0.0,11017.0,0.0,0.0,3853.0,3593.200000000001,0.0,64279.0,0.0,826.8
Uttar Pradesh,1997,240928.0,33994.0,22958.0,0.0,11036.0,1170.0,0.0,4124.6,4447.9000000000015,0.0,76248.0,0.0,493.3
Uttar Pradesh,1997,240928.0,33994.0,22958.0,0.0,11036.0,1170.0,0.0,4124.6,4447.9000000000015,0.0,76248.0,0.0,445.2
Uttar Pradesh,1999,240928.0,34016.0,22902.0,0.0,11114.0,1177.0,0.0,4573.100000000002,4657.5999999999985,0.0,80098.0,0.0,952.8
Uttar Pradesh,1999,240928.0,34016.0,22902.0,0.0,11114.0,1177.0,0.0,4573.100000000002,4657.5999999999985,0.0,80098.0,0.0,786.4
Uttar Pradesh,2001,240928.0,13746.0,8965.0,0.0,4781.0,678.0,0.0,4943.300000000002,5338.499999999999,0.0,81988.0,0.0,973.8
Uttar Pradesh,2001,240928.0,13746.0,8965.0,0.0,4781.0,678.0,0.0,4943.300000000002,5338.499999999999,0.0,81988.0,0.0,661.7
Uttar Pradesh,2003,240928.0,14118.0,1297.0,4699.0,8122.0,749.0,0.0,0.0,0.0,0.0,0.0,0.0,1096.4
Uttar Pradesh,2003,240928.0,14118.0,1297.0,4699.0,8122.0,749.0,0.0,0.0,0.0,0.0,0.0,0.0,1047.5
Uttar Pradesh,2005,240928.0,14127.0,1297.0,4682.0,8148.0,738.0,0.0,24452.699999999848,45845.400000000016,289981.0,727802.0,0.0,770.3
Uttar Pradesh,2005,240928.0,14127.0,1297.0,4682.0,8148.0,738.0,0.0,24452.699999999848,45845.400000000016,289981.0,727802.0,0.0,725.7
Uttar Pradesh,2007,240928.0,14341.0,1626.0,4563.0,8152.0,745.0,0.0,42145.199999999866,94501.20000000046,572752.0,1374845.0,0.0,741.2
Uttar Pradesh,2007,240928.0,14341.0,1626.0,4563.0,8152.0,745.0,0.0,42145.199999999866,94501.20000000046,572752.0,1374845.0,0.0,572.5
Uttar Pradesh,2009,240928.0,87710.0,1626.0,4563.0,81521.0,0.0,0.0,28580.599999999948,79065.4000000002,509471.0,1139802.0,0.0,610.2
Uttar Pradesh,2009,240928.0,87710.0,1626.0,4563.0,81521.0,0.0,0.0,28580.599999999948,79065.4000000002,509471.0,1139802.0,0.0,549.2
Uttar Pradesh,2011,240928.0,14338.0,1626.0,4559.0,8153.0,0.0,0.0,46689.299999999974,124505.40000000002,690245.3006664,58893.0,0.0,781.2
Uttar Pradesh,2011,240928.0,14338.0,1626.0,4559.0,8153.0,0.0,0.0,46689.299999999974,124505.40000000002,690245.3006664,58893.0,0.0,777.4
Uttar Pradesh,2013,240928.0,14349.0,1623.0,4550.0,8176.0,806.0,0.0,42980.0,109557.0,759576.0,61232.0,0.0,1041.4
Uttar Pradesh,2013,240928.0,14349.0,1623.0,4550.0,8176.0,806.0,0.0,42980.0,109557.0,759576.0,61232.0,0.0,932.8
Uttar Pradesh,2015,240928.0,14461.0,2195.0,4060.0,8206.0,803.0,0.0,47565.0,128110.5,835950.8333336998,0.0,0.0,603.3
Uttar Pradesh,2015,240928.0,14461.0,2195.0,4060.0,8206.0,803.0,0.0,47565.0,128110.5,835950.8333336998,0.0,0.0,582.7
Uttar Pradesh,2017,240928.0,14679.0,2617.0,4069.0,7993.0,551.0,0.0,0.0,0.0,0.0,0.0,0.0,695.0
Uttar Pradesh,2017,240928.0,14679.0,2617.0,4069.0,7993.0,551.0,0.0,0.0,0.0,0.0,0.0,0.0,585.2
Uttar Pradesh,2019,240928.0,14806.0,2617.0,4080.0,8109.0,29.0,0.0,0.0,0.0,0.0,0.0,0.0,0.0
Uttarakhand,1987,53483.0,0.0,0.0,0.0,0.0,0.0,0.0,0.0,0.0,0.0,0.0,0.0,987.3
Uttarakhand,1989,53483.0,0.0,0.0,0.0,0.0,0.0,0.0,0.0,0.0,0.0,0.0,0.0,1263.8
Uttarakhand,1991,53483.0,3381.0,3381.0,0.0,0.0,0.0,0.0,0.0,0.0,0.0,0.0,0.0,1020.7
Uttarakhand,1993,53483.0,0.0,0.0,0.0,0.0,0.0,0.0,0.0,0.0,0.0,0.0,0.0,1594.1
Uttarakhand,1995,53483.0,0.0,0.0,0.0,0.0,0.0,0.0,0.0,0.0,0.0,0.0,0.0,1616.1
Uttarakhand,1997,53483.0,0.0,0.0,0.0,0.0,0.0,0.0,0.0,0.0,0.0,0.0,0.0,803.4
Uttarakhand,1999,53483.0,0.0,0.0,0.0,0.0,0.0,0.0,0.0,0.0,0.0,0.0,0.0,1185.5
Uttarakhand,2001,53483.0,23938.0,19023.0,0.0,4915.0,598.0,0.0,0.0,0.0,0.0,0.0,0.0,1544.4
Uttarakhand,2003,53483.0,24465.0,4002.0,14420.0,6043.0,320.0,0.0,0.0,0.0,0.0,0.0,0.0,1734.3
Uttarakhand,2005,53483.0,24442.0,4002.0,14396.0,6044.0,320.0,0.0,0.0,0.0,0.0,0.0,0.0,1348.2
Uttarakhand,2007,53483.0,24495.0,4762.0,14165.0,5568.0,271.0,0.0,0.0,0.0,0.0,0.0,0.0,1924.3
Uttarakhand,2009,53483.0,74609.0,4762.0,14165.0,55682.0,0.0,0.0,0.0,0.0,0.0,0.0,0.0,847.8
Uttarakhand,2011,53483.0,24496.0,4762.0,14167.0,5567.0,0.0,0.0,4385.66,4732.27583333,61835.2583335,0.0,0.0,1564.7
Uttarakhand,2013,53483.0,24508.0,4785.0,14111.0,5612.0,262.0,0.0,8866.0,9747.0,92199.0,0.0,0.0,1735.4
Uttarakhand,2015,53483.0,24240.0,4754.0,13602.0,5884.0,307.0,0.0,7924.0,8848.0,83886.0,0.0,0.0,1247.6
Uttarakhand,2017,53483.0,24295.0,4969.0,12884.0,6442.0,383.0,0.0,0.0,0.0,0.0,0.0,0.0,1476.0
Uttarakhand,2019,53483.0,24303.0,5047.0,12805.0,6451.0,587.0,0.0,0.0,0.0,0.0,0.0,0.0,0.0
West Bengal,1987,88752.0,6735.0,3512.0,0.0,3223.0,0.0,2076.0,2160.8,4116.9,0.0,26855.0,0.0,1591.5
West Bengal,1989,88752.0,6285.0,3332.0,0.0,2953.0,0.0,2109.0,1841.1,3042.0000000000005,0.0,13566.0,0.0,1626.3
West Bengal,1991,88752.0,5896.0,3381.0,0.0,2515.0,112.0,2119.0,4335.799999999998,5045.5,0.0,26741.0,0.0,1609.1
West Bengal,1993,88752.0,6067.0,3362.0,0.0,2705.0,48.0,2119.0,5464.100000000002,8209.599999999999,0.0,1558.0,0.0,1759.7
West Bengal,1995,88752.0,6157.0,3463.0,0.0,2694.0,0.0,2119.0,5403.199999999998,11844.299999999996,0.0,28988.0,0.0,1936.0
West Bengal,1997,88752.0,6226.0,3557.0,0.0,2669.0,109.0,2123.0,1915.8999999999987,2437.100000000001,0.0,12127.0,0.0,1657.7
West Bengal,1999,88752.0,6237.0,3565.0,0.0,2672.0,98.0,2125.0,1540.2,1076.8,0.0,10815.0,0.0,1957.0
West Bengal,2001,88752.0,10693.0,6346.0,0.0,4347.0,149.0,2081.0,1346.9,5795.7,0.0,18063.0,0.0,1540.6
West Bengal,2003,88752.0,12343.0,2303.0,3742.0,6298.0,75.0,2120.0,0.0,0.0,0.0,0.0,0.0,1496.7
West Bengal,2005,88752.0,12413.0,2302.0,3777.0,6334.0,68.0,2118.0,10176.500000000004,56765.30000000005,129629.0,213774.0,0.0,1604.9
West Bengal,2007,88752.0,12994.0,2987.0,4644.0,5363.0,29.0,2152.0,14508.800000000012,113643.5999999999,199840.0,386673.0,0.0,1941.4
West Bengal,2009,88752.0,12994.0,2987.0,4644.0,5363.0,0.0,2152.0,12078.400000000007,64845.500000000175,151680.0,304227.0,0.0,1315.0
West Bengal,2011,88752.0,12995.0,2984.0,4646.0,5365.0,0.0,0.0,60195.0,199995.0,411804.0,0.0,0.0,1686.5
West Bengal,2013,88752.0,16805.0,2971.0,4146.0,9688.0,111.0,2097.0,6826.53,41668.72,102843.1,10794.75,0.0,1764.1
West Bengal,2015,88752.0,16828.0,2948.0,4172.0,9708.0,122.0,2106.0,18466.0,114411.0,265103.0,0.0,41530.0,1530.3
West Bengal,2017,88752.0,16847.0,2994.0,4147.0,9706.0,136.0,2114.0,0.0,0.0,0.0,0.0,0.0,1568.6
West Bengal,2019,88752.0,16902.0,3019.0,4160.0,9723.0,383.0,2112.0,0.0,0.0,0.0,0.0,0.0,0.0
